CHICLE FINI NATURAL MENTA SACUCAR 18G;R$ 0,75;FARMABEM;AV TORQUATO TAPAJOS, NRO 5252, FLORES, MANAUS-AM, CEP 69058-830
REFRES PO ZERO ACUCA;R$ 0,89;CARREFOUR;AV JORNALISTA HUMBERTO CALDERARO FILHO 203, NRO 203, ADRIANOPOLIS, MANAUS-AM, CEP 69057-015
FIT ZERO ACUCAR LARA;R$ 0,95;IALA COMERCIO DE PROD.ALI. E MAT ESC. E ESCRI LTDA - ME;RUA GENERAL CARNEIRO, NRO 536, SAO FRANCISCO[, MANAUS-AM, CEP 69079-020
AGUA SABOR.HYDRO LIMAO ZERO ACUCAR;R$ 0,99;BARATAO DA CARNE - C.DEUS;AV NOSSA SENHORA DA CONCEICAO (C DEUS), NRO 1326, JORGE TEIXEIRA, NAO INFORMADO, MANAUS-AM, CEP 69099-852
ACUCAR PURO GRAO 40 G AMARELO UN;R$ 1,25;SUPERMERCADO VENEZA;AV TANCREDO NEVES, NRO 915, PARQUE 10, MANAUS-AM, CEP 69054-700
ACUCAR PURO GRAO 40G VERDE UN;R$ 1,25;SUPERMERCADO VENEZA;AV TANCREDO NEVES, NRO 915, PARQUE 10, MANAUS-AM, CEP 69054-700
ACUCAR AMARELO 40G;R$ 1,40;COMERCIAL ALEX;RUA DOUTOR ARGEMIRO GERMANO, NRO 032, CIDADE NOVA, MANAUS-AM, CEP 69090-742
ACUCAR CONFEITEIRO;R$ 1,40;MERCADINHO PARANA;RUA WALTER REIS, NRO 1537, JORGE TEIXEIRA, MANAUS-AM, CEP 69088-732
ACUCAR COLORIDO AZUL 80G (20).;R$ 1,49;BOMBONS & CIA;AV BRIGADEIRO HILARIO GURJAO, NRO 100, TANCREDO NEVES, MANAUS-AM, CEP 69087-295
COCA-COLA ZERO ACUCAR 250ML;R$ 1,50;BAZAR NENNY;R. PAULO LOPES, NRO 182, COROADO II, MANAUS-AM, CEP 69080-340
ACUCAR VERDE FAC A A FESTA CONFEITOS 40G;R$ 1,50;CALIFORNIA;RUA EZEQUIEL, 81, NRO 81, NOVO ISRAEL, MANAUS-AM, CEP 69039-090
ACUCAR PCONF BRETZKE AZ 40G V;R$ 1,55;LOJA 01 HIPER PARAIBA;AV JORN. HUMBERTO C FILHO, NRO 1128, ADRIANOPOLIS, MANAUS-AM, CEP 69057-021
ACUCAR PCONF BRETZKE BC 40G V;R$ 1,55;LOJA 22 HIPER NOVA CIDADE;AV MARAGARITA, NRO 1359, NOVA CIDADE, MANAUS-AM, CEP 69097-305
ACUCAR PCONF BRETZKE VD 40G V;R$ 1,55;LOJA 22 HIPER NOVA CIDADE;AV MARAGARITA, NRO 1359, NOVA CIDADE, MANAUS-AM, CEP 69097-305
ACUCAR PCONF BRETZKE AM 40G;R$ 1,55;LOJA 22 HIPER NOVA CIDADE;AV MARAGARITA, NRO 1359, NOVA CIDADE, MANAUS-AM, CEP 69097-305
ACUCAR CRISTAL DOCE DIA;R$ 1,59;BARATAO DA CARNE - TORQ;AV TORQUATO TAPAJOS, NRO 1852, FLORES, NAO INFORMADO, MANAUS-AM, CEP 69058-830
ACUCAR OTIMO CRISTAL 1KG;R$ 1,59;SM VITORIA;AVENIDA TORQUATO TAPAJO, NRO 5200, FLORES, MANAUS-AM, CEP 69058-860
ACUCAR CRISTAL OTIMO 1KG;R$ 1,59;LOJA 20 SUPER MANOA;RUA FRANCISCO QUEIROZ, NRO 1025, MANOA, MANAUS-AM, CEP 69054-712
ACUCAR CRISTAL ITAMARATI 1KG;R$ 1,59;LOJA 09 HIPER DB DISTRITO;AV RODRIGO OTAVIO, NRO 3810, JAPIIM, MANAUS-AM, CEP 69077-900
ACUCAR ROSA 40G;R$ 1,60;CASA DE CARNE OTAVIO;RUA SAO EUSEBIO, NRO 219, TERRA NOVA, MANAUS-AM, CEP 69093-820
ACUCAR AZUL 40G FACA A FESTA;R$ 1,60;CASA DE CARNE OTAVIO;RUA SAO EUSEBIO, NRO 219, TERRA NOVA, MANAUS-AM, CEP 69093-820
ACUCAR MAMNAUS 1KG [DIVERSOS];R$ 1,65;MERCADINHO AMAZONIA;RUA OURO PRETO, NRO 012, COROADO, MANAUS-AM, CEP 69080-430
ACUCAR CRISTAL ACUCARLESTE 1KG [MERCADINHO];R$ 1,69;MERCADINHO E ACOUGUE D.F;RUA BELFORD ROXO, NRO 850, JORGE TEIXEIRA 4, MANAUS-AM, CEP 69088-039
ACUCAR CRISTAL MANAUS 1KG;R$ 1,69;CAMPEAO SUPERMERCADOS LTDA;RUA JOAO PAULO I, NRO 001, ALVORADA, MANAUS-AM, CEP 69043-000
ACUCAR DOCE DIA 1KG;R$ 1,69;FRIOTRANS CAMAPUA;AVENIDA CAMAPU?, NRO 2239, CIDADE DE DEUS, NAO INFORMADO, MANAUS-AM, CEP 69097-720
ACUCAR CRIST ESPECIAL DOCE DIA 1KG;R$ 1,70;BIG AMIGAO F5;RUA SANTO EXPEDITO - QD.B - LTS 11 AO 24, NRO 100, CIDADE DE DEUS, NAO INFORMADO, MANAUS-AM, CEP 69099-314
ACUCAR CRISTAL PREMIERE 30X1KG;R$ 1,73;COMERCIAL FENNIX;AV BRIGADEIRO HILARIO GURJAO 324, NRO 324, JORGE TEIXEIRA, 1, MANAUS-AM, CEP 69088-000
ACUCAR CRISTAL LESTE;R$ 1,75;L V BARJA QUEIROZ;RUA IRITAMA, NRO 002, CIDADE NOVA, MANAUS-AM, CEP 69097-760
ACUCAR LESTE 1K;R$ 1,75;MERCADINHO MATOS;RUA MUTUM-ETE, NRO 56, J. TEIXEIRA, MANAUS-AM, CEP 69088-146
ACUCAR DOCE DIA 1KG;R$ 1,75;MERCADINHO CARVALHO;RUA SATERE MAUE, NRO 33, TERRA NOVA, MANAUS-AM, CEP 69039-290
ACUCAR IOTAJA;R$ 1,75;MERCADINHO E PANIFICADORA GASPAR;RUA JAMAICA, QD 175, CONJ. NOVA CIDADE, NRO 91, CIDADE NOVA, MANAUS-AM, CEP 69000-000
ACUCAR DOCE-DIA 1K;R$ 1,75;MERCADINHO E ACOUGUE BOM PRECO;RUA DEOCLECIO SOARES DE OLIVEIRA, (COM SHARP) TERREO, NRO 186, ARMANDO MENDES, MANAUS-AM, CEP 69089-235
ACUCAR DOCE DIA;R$ 1,75;COMERCIAL ALEX;RUA DOUTOR ARGEMIRO GERMANO, NRO 032, CIDADE NOVA, MANAUS-AM, CEP 69090-742
ACUCAR DOCE DIA 1KG;R$ 1,75;DISTRIBUIDORA OMAR 3;AVENIDA BRIGADEIRO HILARIO, NRO 796, JORGE TEIXEIRA, NAO INFORMADO, MANAUS-AM, CEP 69088-000
ACUCAR LESTE 1K;R$ 1,75;MERCADINHO E ACOUGUE BOM PRECO;RUA DEOCLECIO SOARES DE OLIVEIRA, (COM SHARP) TERREO, NRO 186, ARMANDO MENDES, MANAUS-AM, CEP 69089-235
ACUCAR DOCE DIA 1KG;R$ 1,75;DISTRIBUIDORA OMAR 1;TRAVESSA DAS SALVIAS, NRO 006, JORGE TEXEIRA, NAO INFORMADO, MANAUS-AM, CEP 69088-550
ACUCAR DOCE DIA;R$ 1,75;MERCADINHO BARATO TOTAL;RUA 26 DE AGOSTO RIACHO DOCE II, NRO 30, CIDADE NOVA, MANAUS-AM, CEP 69095-187
ACUCAR ACUCARLESTE 1KG 2867;R$ 1,75;MERCADINHO E ACOUGUE 3 IRMAOS;AVENIDA ALECRIM, NRO 140, JOAO PAULO II, MANAUS-AM, CEP 69000-000
ACUCAR Q SABOR 1 KG [BOCARDO];R$ 1,75;MERC E ACOLGUE CATARINENSE;RUA CIRCULAR II, NRO 239, A MENDES CIDADE NOVA, MANAUS-AM, CEP 69099-370
ACUCAR Q SABOR 1 KG [BOCARDO];R$ 1,75;MERC E ACOLGUE CATARINENSE;RUA CREIZA COELHO, NRO 071, ZUMBI II, MANAUS-AM, CEP 69084-070
ACUCAR CRISTAL ORIENTE KG;R$ 1,78;MERCADINHO ISRAEL;AV. ITACOLOMI  QUADRA 37A, NRO 34, ARMANDO MENDES, MANAUS-AM, CEP 69086-003
ACUCAR CRISTAL DOCE DIA 1KG;R$ 1,78;SUPERMERCADO VIDAL;AVENIDA FRANCISCO QUEIROZ, NRO 39, CIDADE NOVA, MANAUS-AM, CEP 69093-000
ACUCAR LESTE KG;R$ 1,78;SUPERMERCADO VIDAL;AVENIDA FRANCISCO QUEIROZ, NRO 39, CIDADE NOVA, MANAUS-AM, CEP 69093-000
ACUCAR DOCE CRISTAL 1KG;R$ 1,79;CALIFORNIA;RUA EZEQUIEL, 81, NRO 81, NOVO ISRAEL, MANAUS-AM, CEP 69039-090
ACUCAR DOCE DIA 1KG;R$ 1,79;Loja 122 - Manaus;AV AUTAZ MIRIM, NRO 8755, NOVO ALEIXO, MANAUS-AM, CEP 69099-045
ACUCAR ITAMARATI 1 KG;R$ 1,79;MERCADINHO VALE DO SOL;ARISTOTELES BONFIM, NRO 120, JARDIM PETROPOLIS, MANAUS-AM, CEP 69067-230
ACUCAR CRISTAL DOCE DIA 1KG;R$ 1,79;MERCANTIL & ACOGUE BOM PRECO;AV SANTA MARIA DA PAZ, NRO 637, CIDADE DE DEUS, MANAUS-AM, CEP 69099-644
ACUCAR Q SABOR 1KG;R$ 1,79;J C DA S COSTA COMERCIO;RUA 11, NRO 035, SAO JOSE 1, MANAUS-AM, CEP 69086-120
ACUCAR ITAMARATI 1 KG;R$ 1,79;MERCADINHO VALE DO SOL;RUA DA PASSAGEM, NRO 012, JARDIM PETROPOLIS, MANAUS-AM, CEP 69067-332
ACUCAR LESTE/DOCE/QUERUBIM 1KG;R$ 1,79;BAZAR NENNY;R. PAULO LOPES, NRO 182, COROADO II, MANAUS-AM, CEP 69080-340
ACUCAR DOCE DIA/ 1K;R$ 1,79;BAZAR NENNY;R. PAULO LOPES, NRO 182, COROADO II, MANAUS-AM, CEP 69080-340
ACUCAR ACUCARLESTE 1KG;R$ 1,79;MERCANTIL & ACOGUE BOM PRECO;AV SANTA MARIA DA PAZ, NRO 637, CIDADE DE DEUS, MANAUS-AM, CEP 69099-644
ACUCAR CRISTAL ESPEC DOCE DIA 1KG;R$ 1,79;Loja 122 - Manaus;AV AUTAZ MIRIM, NRO 8755, NOVO ALEIXO, MANAUS-AM, CEP 69099-045
ACUCAR DOCE DIA 1KG 2918;R$ 1,79;MERCADINHO E ACOUGUE 3 IRMAOS;AVENIDA ALECRIM, NRO 140, JOAO PAULO II, MANAUS-AM, CEP 69000-000
ACUCAR DOCE DIA 1KG;R$ 1,79;CAMPEAO SUPERMERCADOS LTDA;RUA JOAO PAULO I, NRO 001, ALVORADA, MANAUS-AM, CEP 69043-000
ACUCAR GOL 1K [MERCADINHO];R$ 1,80;MERCADINHO GANHA POUCO;RUA ANADOR, NRO 165, JOAO PAULO II, MANAUS-AM, CEP 69088-446
ACUCAR CRISTAL OTIMO 1KG;R$ 1,80;SUPERMECADO CEZAR CIA LTDA;RUA 7B, NRO 001, SAO JOSE OPER., MANAUS-AM, CEP 69086-083
ACUCAR DOCE DIA 1KG;R$ 1,80;MERCADINHO ADRIEL;RUA RIO VALPES, NRO 103, NOVO ALEIXO, MANAUS-AM
ACUCAR LESTE 1KG;R$ 1,80;COMERCIAL BARROSO LEITE;RUA SANTA ANA, NRO 050, TERRA NOVA II, MANAUS-AM, CEP 69093-497
ACUCAR Q SABOR 1KG 410008 (DIVERSOS);R$ 1,80;MERCADINHO SAO GABRIEL;RUA MARQUESA DE SANTOS, NRO 475, COROADO 1, QUADRA 22, MANAUS-AM, CEP 69080-000
ACUCAR DOCE DIA 1KG;R$ 1,80;COMERCIAL BARROSO LEITE;RUA SANTA ANA, NRO 050, TERRA NOVA II, MANAUS-AM, CEP 69093-497
ACUCAR LESTE 1KG;R$ 1,85;FRIGORIFICO FAC;RUA ARICA, NRO 260, MAUAZINHO, MANAUS-AM
ACUCAR ITAJA;R$ 1,85;MERCADINHO QUEIROZ;RUA TUPINIQUIM, NRO 3, CIDADE NOVA, FLORESTAL, MANAUS-AM, CEP 69093-056
ACUCAR CRISTAL TIO OMAR 1KG;R$ 1,85;MERCADINHO POPULAR;AV. ARICA, NRO 128, MAUAZINHO, MANAUS-AM, CEP 69047-010
ACUCAR ITAJA 1KG;R$ 1,85;MERCADINHO 2 IRMAOS;RUA TERRA NOVA, CASA 1, NRO 415, SAO JOSE OPERARIO, MANAUS-AM, CEP 69085-080
ACUCAR DOCE DIA 1KG;R$ 1,85;DISTRIBUIDORA CEARA;AV ARICA, NRO 087, MAUAZINHO, MANAUS-AM, CEP 69075-771
ACUCAR DOCE DIA 1KG;R$ 1,85;MERCADINHO 2 IRMAOS;RUA TERRA NOVA, CASA 1, NRO 415, SAO JOSE OPERARIO, MANAUS-AM, CEP 69085-080
ACUCAR CRISTAL DOCE DIA 30X1KG;R$ 1,85;COMERCIAL TRIGOBOM;RUA ALUISIO BRASIL, NRO 10-A, JAPIIM, MANAUS-AM, CEP 69063-480
ACUCAR DOCE DIA 1K [MERCADINHO];R$ 1,85;MERCADINHO GANHA POUCO;RUA ANADOR, NRO 165, JOAO PAULO II, MANAUS-AM, CEP 69088-446
ACUCAR CRYSTALLI 1 KG;R$ 1,89;MERCADINHO MANUHELLA;RUA COBRA D'AGUA, NRO 058, JORGE TEIXEIRA, MANAUS-AM
ACUCAR LESTE 1KL;R$ 1,89;LEVY E SANTOS COMERCIO DE SERVICOS ALIMENTICIOS;AV. TOPAZIO, NRO 419, TANCREDO NEVES, MANAUS-AM, CEP 69087-058
ACUCAR LESTE 1KG;R$ 1,89;COMERCIAL BOI ZEBU;AV BRIGADEIRO HILLARIO GURJAO, NRO 2607, JORGE TEIXEIRA, MANAUS-AM, CEP 69088-000
ACUCAR CRISTAL ITAMARATI 1KG;R$ 1,89;CDL ATACK FILIAL FLORES;AV. MAX TEIXEIRA, NRO 1878, FLORES, NAO INFORMADO, MANAUS-AM, CEP 69058-415
ACUCAR CRISTAL DOCE DIA KG;R$ 1,89;CALIFORNIA;RUA EZEQUIEL, 81, NRO 81, NOVO ISRAEL, MANAUS-AM, CEP 69039-090
ACUCAR CRIST ESP CRYSTALLI 1KG;R$ 1,89;BIG AMIGAO F4;RUA FRANCISCA MENDES, NRO 2360, CIDADE DE DEUS, NAO INFORMADO, MANAUS-AM, CEP 69099-345
ACUCAR CRISTAL 1KG ACUCARLESTE;R$ 1,89;CASA DE CARNE OTAVIO;RUA SAO EUSEBIO, NRO 219, TERRA NOVA, MANAUS-AM, CEP 69093-820
ACUCAR CRISTAL DOCE DIA 1KG;R$ 1,89;MERCADINHO VITORIA;R DOS PAVOES, NRO 48, CIDADE DE DEUS, MANAUS-AM, CEP 69099-593
ACUCAR CRISTAL MANAUS 1KG;R$ 1,89;PANIFICADORA MIYAZAKI;ALEXANDRE MAGNO, NRO 1005, PARQUE 10, MANAUS-AM, CEP 69054-723
ACUCAR CRISTAL MANAU;R$ 1,89;CARREFOUR;AV DJALMA BATISTA 276 FLORES, NRO 276, FLORES, MANAUS-AM, CEP 69050-010
ACUCAR Q SABOR 1 KG;R$ 1,89;MERCADINHO FORTALEZA;CAMPOS DO JORDAO, NRO 004, JARDIM PETROPOLIS, MANAUS-AM, CEP 69067-250
ACUCAR CRIST PREMIERE 1KG;R$ 1,89;BIG AMIGAO F4;RUA FRANCISCA MENDES, NRO 2360, CIDADE DE DEUS, NAO INFORMADO, MANAUS-AM, CEP 69099-345
ACUCAR LESTE 1KG;R$ 1,89;MERCADINHO SAO JOAO;RUA RIO TAPAJOS , 77, NRO 77, COLONIA TERRA NOVA, MANAUS-AM, CEP 69093-463
ACUCAR DOCE DIA 1K;R$ 1,89;L V BARJA QUEIROZ;RUA IRITAMA, NRO 002, CIDADE NOVA, MANAUS-AM, CEP 69097-760
ACUCAR LESTE 1KG;R$ 1,89;DISTRIBUIDORA CEARA;AV ARICA, NRO 087, MAUAZINHO, MANAUS-AM, CEP 69075-771
ACUCAR ITAJA 1KG;R$ 1,89;LEVY E SANTOS COMERCIO DE SERVICOS ALIMENTICIOS;AV. TOPAZIO, NRO 419, TANCREDO NEVES, MANAUS-AM, CEP 69087-058
ACUCAR CRISTAL 1KG DOCE DIA;R$ 1,89;CASA DE CARNE OTAVIO;RUA SAO EUSEBIO, NRO 219, TERRA NOVA, MANAUS-AM, CEP 69093-820
ACUCAR DOCE DIA 1KG;R$ 1,89;COMERCIAL PABLO;RUA MURUPI, NRO 494, GILBERTO MESTRINHO 2, MANAUS-AM, CEP 69006-634
ACUCAR LESTE;R$ 1,89;MERCADINHO BODEGAO;RUA EDUARDO BRAGA, NRO 239, TERRA NOVA, CONJ VIEIRA ALVES Q 66, MANAUS-AM, CEP 69095-000
ACUCAR DOCE DIA 1KG;R$ 1,90;MERCADINHO FERNANDES;AV. TOPAZIO, NRO 020, JORGE TEIXEIRA, MANAUS-AM, CEP 69087-058
ACUCAR DOCE DIA 1KG;R$ 1,90;MERCADINHO RV;RUA 40, NRO 067, NOVO ALEIXO, MANAUS-AM, CEP 69099-190
ACUCAR DOCE DIA 1KG;R$ 1,90;E.SERRA RODRIGUES;AV BURITI, NRO 091, COROADO III, MANAUS-AM, CEP 69000-000
ACUCAR DOCE DIA 1KG;R$ 1,90;MERCADINHO ARAGAO;RUA 19, NRO 002, SAO JOSE II, MANAUS-AM, CEP 69086-200
ACUCAR COLORIDO 100G;R$ 1,90;MERCADINHO PARANA;RUA WALTER REIS, NRO 1537, JORGE TEIXEIRA, MANAUS-AM, CEP 69088-732
ACUCAR CRISTAL;R$ 1,90;MERCADINHO AGUIAR;ALD ESPERANCA, NRO 370, NOVO ALEIXO, MANAUS-AM, CEP 69099-039
ACUCAR CRISTAL ACUCARLESTE 1KG;R$ 1,90;SUPERMERCADO ECONOMIA;RUA GURUPI, NRO 2323, REDENCAO, MANAUS-AM, CEP 69047-010
ACUCAR MANAUS 1 KG;R$ 1,90;MERCADINHO SERVE BEM;RUA 18, NRO 003, SAO JOSE II, MANAUS-AM, CEP 69086-190
ACUCAR CRISTAL 1KG DOCE DIA;R$ 1,91;FRIOS E CIA MATRIZ;AV BRIGADEIRO HILARIO GURJAO, NRO 397, TANCREDO NEVES I, MANAUS-AM, CEP 69014-010
ACUCAR DOCE DIA 1KG;R$ 1,95;MERCADINHO PARANA;RUA WALTER REIS, NRO 1537, JORGE TEIXEIRA, MANAUS-AM, CEP 69088-732
ACUCAR LESTE CRISTAL 1KG;R$ 1,95;MERCANTIL RELUZ;R VIOLETA BAYMA, NRO 1363, GILBERTO MESTRINHO, GRANDE VITORIA, MANAUS-AM, CEP 69086-653
ACUCAR ITAMARATI 1KG 443;R$ 1,95;MERCADINHO E ACOUGUE 3 IRMAOS;AVENIDA ALECRIM, NRO 140, JOAO PAULO II, MANAUS-AM, CEP 69000-000
CHA MATE C/LIMAO C/ACUCAR ORG C/12 250ML;R$ 1,95;J CRUZ INDUSTRIA DE BEBIDAS;AV MARIO YPIRANGA, NRO 0001500, ADRIANOPOLIS, MANAUS-AM, CEP 69057-002
ACUCAR DELICIA CRISTAL 1KG;R$ 1,95;MERCADINHO DIULIANE;RUA PARAGUACU, NRO 026, VALE DO AMANHECER - PETROPOLIS, MANAUS-AM, CEP 69067-629
ACUCAR CRISTAL DOCE DIA;R$ 1,95;SUPERMERCADO SAN RUAN LTDA;AV AUTAZ MIRIM, 8007, NRO 8007, TANCREDO NEVES, MANAUS-AM, CEP 69087-215
ACUCAR DOCE DIA CRISTAL 1KG.;R$ 1,95;MERCADINHO E ACOUGUE SAO JOSE;RUA JANAUACA, NRO 77, SAO JOSE OPERARIO, MANAUS-AM, CEP 69085-240
ACUCAR CRISTAL LESTE 1KG;R$ 1,95;SUPERMERCADO NOVA CIDADE;MARGARITA, NRO 35, CIDADE NOVA, MANAUS-AM, CEP 69097-207
ACUCAR DOCE DIA 1KG;R$ 1,95;MERCADINHO E PANIFICADORA GASPAR;RUA JAMAICA, QD 175, CONJ. NOVA CIDADE, NRO 91, CIDADE NOVA, MANAUS-AM, CEP 69000-000
ACUCAR DOCE DIA 1K;R$ 1,95;LEVY E SANTOS COMERCIO DE SERVICOS ALIMENTICIOS;AV. TOPAZIO, NRO 419, TANCREDO NEVES, MANAUS-AM, CEP 69087-058
ACUCAR MANAUS;R$ 1,95;MERCADINHO PARANA;RUA WALTER REIS, NRO 1537, JORGE TEIXEIRA, MANAUS-AM, CEP 69088-732
ACUCAR Q SABOR 1KG;R$ 1,95;MERCADINHO E ACOUGUE SAO JOSE;RUA JANAUACA, NRO 77, SAO JOSE OPERARIO, MANAUS-AM, CEP 69085-240
AAUCAR CRISTAL MIKITOS 1KG;R$ 1,95;FUCHICAO;AV BRIGADEIRO HILARIO GURJAO (1A ETAPA), NRO 464, JORGE TEIXEIRA, NAO INFORMADO, MANAUS-AM, CEP 69088-000
ACUCAR CRISTAL DOCE DIA 1KG;R$ 1,98;SUPERMERCADO RODRIGUES;AV AUTAZ MIRIM, NRO 7451, TANCREDO NEVES, NAO INFORMADO, MANAUS-AM, CEP 69085-000
ACUCAR DOCE DIA;R$ 1,98;MERCADINHO ISRAEL;AV. ITACOLOMI  QUADRA 37A, NRO 34, ARMANDO MENDES, MANAUS-AM, CEP 69086-003
ACUCAR DOCE DIA;R$ 1,99;SUPER JB;AVE BARAO DO RIO BRANCO, NRO 015, FLORES, MANAUS-AM, CEP 69058-581
ACUCAR CRISTAL DOCE DIA 1K [DIVERSOS];R$ 1,99;BARATAO FERNANDES;RUA RODOLFO TEOFILO, NRO 142, NOVO ALEIXO, MANAUS-AM, CEP 69099-042
ACUCAR NOSSO DIA 1KG;R$ 1,99;SUPERMERCADO MORAIS;AV PAULO VI, NRO 8, PETROPOLIS, MANAUS-AM, CEP 69067-390
ACUCAR Q SABOR 1K UN;R$ 1,99;SUPER JB;AVE BARAO DO RIO BRANCO, NRO 015, FLORES, MANAUS-AM, CEP 69058-581
ACUCAR CRISTAL DOCE DIA 1KG;R$ 1,99;ALEMAO FRIOS;RUA CEL FERREIRA DE ARAUJO, NRO 248, PETROPOLIS, MANAUS-AM, CEP 69063-000
ACUCAR CRISTAL OTIMO;R$ 1,99;MERCADINHO E ACOUGUE 2 AMIGOS;RUA DR RESENDE, NRO 064, ZUMBI DOS PALMARES, MANAUS-AM, CEP 69084-280
ACUCAR LESTE;R$ 1,99;MERCADINHO DA ECONOMIA;R DOS TREVOS, NRO 009, JORGE TEIXEIRA, MANAUS-AM, CEP 69088-460
ACUCAR DOCE DIA;R$ 1,99;MERCADINHO E ACOUGUE OLIVEIRA;AVE BEIRA RIO, NRO 223, COROADO, MANAUS-AM, CEP 69082-660
ACUCAR DOCE DIA;R$ 1,99;GLORINETE DE JESUS PINEIRO - M;R CARAPIA, NRO 001, GILBERTO MESTRINHO, MANAUS-AM, CEP 69086-556
ACUCAR CRISTAL LESTE 1KG 7898926784202;R$ 1,99;MERCADINHO FORTALEZA;R NOVA OLINDA, NRO 002, JAPIIM, MANAUS-AM, CEP 69078-090
ACUCAR LESTE [DIVERSOS];R$ 1,99;MERCADINHO SC;RUA: ITAITE, NRO 070, NOVO ALEIXO, MERADINHO SC, MANAUS-AM, CEP 69255-000
ACUCAR CRISTAL ITAMARATI ESPEC 1KG;R$ 1,99;Loja 122 - Manaus;AV AUTAZ MIRIM, NRO 8755, NOVO ALEIXO, MANAUS-AM, CEP 69099-045
ACUCAR CRIST DC DIA;R$ 1,99;SUPERATACADAO NOVA ERA LTDA - ZONA LESTE;AV. AUTAZ MIRIM, NRO 9058, JORGE TEIXEIRA, MANAUS-AM, CEP 69088-245
ACUCAR DOCE DIA 1KG.;R$ 1,99;J C DA S COSTA COMERCIO;RUA 11, NRO 035, SAO JOSE 1, MANAUS-AM, CEP 69086-120
ACUCAR LESTE KG;R$ 1,99;ALIANCA SUPERMERCADO;RUA CASSIOPEIA, SANTO AGOSTINHO, MANAUS-AM, CEP 69036-600
ACUCAR ITAMARATI 1KG;R$ 1,99;MERCADINHO RIO NEGRO;AV. BATRUM, NRO 076, TANCREDO NEVES, MANAUS-AM, CEP 69087-641
ACUCAR CRISTAL DOCE DIA 1KG;R$ 1,99;MERCADINHO FREITAS;BECO S O JO O, NRO 10, ALEIXO, MANAUS-AM, CEP 69060-610
ACUCAR CRISTAL ITAMARATI 1X1KG 7779;R$ 1,99;MERCADINHO KARREFOURZINHO;R MONSENHOR PACELLI, NRO 323, JAPIIM, MANAUS-AM, CEP 69078-390
ACUCAR CRISTAL Q SABOR 1KG;R$ 1,99;SUPERMERCADO RESENDE;RUA ALMERON CAMINHA, NRO S/N, PETROPOLIS, MANAUS-AM, CEP 69067-200
ACUCAR CRISTAL Q SABOR 1K/CR/;R$ 1,99;MERCADINHO JM;RUA ANTENOS CAVALCANTE, NRO 20, ZUMBI, MANAUS-AM, CEP 69087-021
ACUCAR DOCE DIA 1KG;R$ 1,99;MERCADINHO DA ECONOMIA;R DOS TREVOS, NRO 009, JORGE TEIXEIRA, MANAUS-AM, CEP 69088-460
ACUCAR DOCE DIA 1K;R$ 1,99;ELIANE CAVALCANTE PINTO ME;BOM INTENTO, NRO 121, SAO JOSE OPERARIO, MANAUS-AM, CEP 69086-133
ACUCAR SABOR CRISTAL;R$ 1,99;MERCADINHO E ACOUGUE 2 AMIGOS;RUA DR RESENDE, NRO 064, ZUMBI DOS PALMARES, MANAUS-AM, CEP 69084-280
ACUCAR ITAMARATI 1KG [MERCADINHO];R$ 1,99;MERCADINHO E ACOUGUE D.F;RUA BELFORD ROXO, NRO 850, JORGE TEIXEIRA 4, MANAUS-AM, CEP 69088-039
ACUCAR CRISTAL DOCE DIA 1 KG;R$ 1,99;MERCADINHO AMAZONAS;RUA ITARARE, NRO 011, NOVO ALEIXO, MANAUS-AM, CEP 69099-755
ACUCAR DOCE DIA KG;R$ 1,99;SUPERMERCADO ITALO;AV ARQ JOSE H B RODRIGUES, NRO 4450A, MTE OLIVEIRAS, MANAUS-AM, CEP 69093-149
ACUCAR CRISTAL LESTE 1KG;R$ 1,99;MERCADINHO POPULAR;AV. ARICA, NRO 128, MAUAZINHO, MANAUS-AM, CEP 69047-010
ACUCAR CRISTAL LESTE 1KG;R$ 1,99;SUPERMERCADO JUMA 2;RUA CARIRE, NRO 42, NOVO ALEIXO, MANAUS-AM, CEP 69098-000
ACUCAR DOCE DIA 1KG;R$ 1,99;QUEIROZ COMERCIAL;RUA RIO CABORIS, NRO 35, CIDADE NOVA, MANAUS-AM, CEP 69098-272
ACUCAR DOCE DIA 1KG;R$ 1,99;SM Amazonas;AV. MARGARITA, NRO 001, NOVA CIDADE, QD 238 LOTE 1/3/10/12, MANAUS-AM, CEP 69097-305
ACUCAR CRISTAL 1KG D;R$ 1,99;ADAO TOMAZ JUNIOR ME;RUA FORMOSA, NRO 061, PARQ DAS NACOES, MANAUS-AM, CEP 69028-120
ACUCAR DOCE DIA 1KG;R$ 1,99;MARA FRIOS;AV NOEL NUTELS - CONJ CN ET 1, NRO 20, CIDADE NOVA, MANAUS-AM, CEP 69093-770
ACUCAR ITAMARATI 1KG;R$ 1,99;L V BARJA QUEIROZ;RUA IRITAMA, NRO 002, CIDADE NOVA, MANAUS-AM, CEP 69097-760
ACUCAR CRISTAL ITAMARATI 1KG;R$ 1,99;MERCADINHO VITORIA;R DOS PAVOES, NRO 48, CIDADE DE DEUS, MANAUS-AM, CEP 69099-593
ACUCAR CRISTAL DOCE DIA 1KG;R$ 1,99;PEDRO NAGAWO DE SOBRAL ME;TRAV. ARHUR AZEVEDO, 16QD 7 LT 16, NRO 16, CIDADE NOVA, MANAUS-AM, CEP 69098-000
ACUCAR CRISTAL LESTE 1KG 2497;R$ 1,99;MERCEARIA SOUSA;R DOUTOR GALLO IBANEZ, NRO 008, TANCREDO NEVES, MANAUS-AM, CEP 69087-380
ACUCAR ITAMARATI;R$ 1,99;MANAUS;AV AUTAZ MIRIM, NRO 3330, ZUMBI DOS PALMARES, MANAUS-AM, CEP 69084-005
ACUCAR CRISTAL LESTE 1KG;R$ 1,99;MERCADINHO JUMA 1;RUA JASMIM DE CAIEMA, NRO 26, NOVO ALEIXO, MANAUS-AM, CEP 69098-376
ACUCAR DOCE DIA;R$ 1,99;CASA DE CARNE COROADO 2;R PAULO LOPES, NRO 354, COROADO, MANAUS-AM, CEP 69080-340
ACUCAR DOCE DIA 1KG;R$ 1,99;FRIGORIFICO FAC;RUA ARICA, NRO 260, MAUAZINHO, MANAUS-AM
ACUCAR CRISTAL DOCE DIA 1KG;R$ 1,99;MERCADINHO JUMA 1;RUA JASMIM DE CAIEMA, NRO 26, NOVO ALEIXO, MANAUS-AM, CEP 69098-376
ACUCAR DOCE DIA;R$ 1,99;HC PAES,CARNES E ESTIVAS;RUA ITABORAI, NRO 054, CIDADE NOVA, MANAUS-AM, CEP 69099-200
ACUCAR DOCE DIA 1K [NAO CADASTRADO];R$ 1,99;SUPER AVENIDA;AV CONDE DE SAPUCAI, NRO 625, MUNDO NOVO, MANAUS-AM, CEP 69098-000
ACUCAR ITAMARATI 1KG;R$ 2,00;MERCADINHO SERVE BEM;RUA 18, NRO 003, SAO JOSE II, MANAUS-AM, CEP 69086-190
ACUCAR ITAMARATY 1KG;R$ 2,00;MERCADINHO LEAO DA PAZ;AV FRANCISCO QUEIROZ, NRO 128, COL SANTO ANTONIO, MANAUS-AM, CEP 69093-260
ACUCAR CRISTAL ACUCALESTE 1KG.;R$ 2,00;MERCANTIL AM;RUA RIO AJARANI, NRO 001, ARMANDO MENDES, QD 25, MANAUS-AM, CEP 69089-120
ACUCAR CRISTAL 1KG;R$ 2,00;MERCADINHO VERDAO;RUA SANTA MARIA DA PAZ, NRO 88, CIDADE NOVA, MANAUS-AM, CEP 69099-465
ACUCAR CRISTAL DOCE DIA 1 KG;R$ 2,00;MERCADINHO CANTO DO RANCHO;R. DONA RAQUEL SOUZA, NRO 236, PETROPOLIS, MANAUS-AM, CEP 69063-000
ACUCAR NOSSO DIA 1KG;R$ 2,00;MERCADINHO SHALOOM;RUA VITORIA, NRO 10, NOVO ISRAEL, MANAUS-AM, CEP 69093-411
ACUCAR DOCE DIA;R$ 2,00;MERCADINHO QUEIROZ;RUA TUPINIQUIM, NRO 3, CIDADE NOVA, FLORESTAL, MANAUS-AM, CEP 69093-056
ACUCAR ITAMARATI 1KG;R$ 2,00;MERCADINHO ADRIEL;RUA RIO VALPES, NRO 103, NOVO ALEIXO, MANAUS-AM
ACUCAR CRISTAL  DOCE DIA 1X1KG;R$ 2,00;CESTAS OTIMO;AV, DA FLORESTA, NRO 2478, TARUMA ACU, MANAUS-AM, CEP 69022-000
ACUCAR ITAMARATI 1KG 2332;R$ 2,00;MERCADINHO SANTOS;R PAULO LOPES, NRO 090, COROADO - II, MANAUS-AM, CEP 69080-340
ACUCAR CRISTAL DOCE DIA 1KG;R$ 2,00;MERCADINHO LEITE;AV SAMAUMA NR 2083, NRO 2083, MONTE DAS OLIVEIRAS, MANAUS-AM, CEP 69093-132
ACUCAR CRISTAL ITAJA;R$ 2,00;MERCADINHO E ACOUGUE 2 AMIGOS;RUA DR RESENDE, NRO 064, ZUMBI DOS PALMARES, MANAUS-AM, CEP 69084-280
ACUCAR DOCE DIA 1KG;R$ 2,00;SUPER NETO;AVENIDA ARICA, NRO 124, MAUAZINHO, MANAUS-AM, CEP 69075-410
ACUCAR LESTE;R$ 2,00;MERCEARIA JESUS ME DEU;RUA PAPUCAIA, NRO 215, JORGE TEIXEIRA, MANAUS-AM, CEP 69088-035
ACUCAR CRISTAL DOCE DIA 1KG;R$ 2,00;MERCADINHO PONTO CERTO;R TAMBAU, NRO 348, CIDADE NOVA, MANAUS-AM, CEP 69090-704
ACUCAR DOCE DIA;R$ 2,00;MERCANTIL AM;RUA RIO AJARANI, NRO 001, ARMANDO MENDES, QD 25, MANAUS-AM, CEP 69089-120
ACUCAR DOCE DIA 1KG 1580;R$ 2,00;MERCADINHO PANORAMA;R DOUTOR DIDIA, NRO 186, ZUMBI DOS PALMARES, MANAUS-AM, CEP 69084-160
ACUCAR ORIENTE 1KG;R$ 2,00;MERCADINHO JM;RUA OURO PRETO, NRO 518, COROADO II, MANAUS-AM, CEP 69080-430
ACUCAR ITAMARATI 1KG;R$ 2,00;SUPER NETO;AVENIDA ARICA, NRO 124, MAUAZINHO, MANAUS-AM, CEP 69075-410
ACUCAR 28;R$ 2,00;ARCA DE NOE COMERCIO E SERVICOS;RUA CORONEL FERREIRA DE ARAUJO, NRO 1902, PETROPOLIS, MANAUS-AM, CEP 69063-000
ACUCAR DOCE DIA 1KG;R$ 2,00;CASA DE CARNE FE EM DEUS;RUA NACIONAL, NRO 858, CIDADE DE DEUS, MANAUS-AM, CEP 69099-325
ACUCAR DOCE DIA 1KG;R$ 2,00;IALA COMERCIO DE PROD.ALI. E MAT ESC. E ESCRI LTDA - ME;RUA GENERAL CARNEIRO, NRO 536, SAO FRANCISCO[, MANAUS-AM, CEP 69079-020
ACUCAR UNIAO REFIN 1KG;R$ 2,00;Frigorifico Amazonas;RUA VASCO VASQUES, 1336, NRO 1336, PARQUE 10 DE NOVEMBRO, MANAUS-AM, CEP 69093-000
ACUCAR CRISTAL ITAJA 1KG;R$ 2,00;SUPER NETO;AVENIDA ARICA, NRO 124, MAUAZINHO, MANAUS-AM, CEP 69075-410
ACUCAR DOCE DIA 1KG;R$ 2,00;PANIFICADORA BARCELONA;RUA PROF. RAYMUNDA MAGALHAES, NRO 105, COROADO II, MANAUS-AM, CEP 69070-280
ACUCAR DOCE DIA 1KG;R$ 2,00;MERCADINHO SERVE BEM;RUA 18, NRO 003, SAO JOSE II, MANAUS-AM, CEP 69086-190
ACUCAR CRISTAL I7AJA 1KG;R$ 2,00;MERCEARIA DOIS CORACOES;RUA CORONEL PEDRO BARROS, NRO 409, COROADO 3, MANAUS-AM, CEP 69082-051
ACUCAR CRISTAL ITAMARATI 1KG;R$ 2,05;36 - MANAUS;AV. GEN. RODRIGO OTAVIO 900, NRO 1, BAIRRO JAPIIM, MANAUS-AM, CEP 69077-000
ACUCAR ITAMARATI 1KG;R$ 2,09;SM VITORIA;AVENIDA TORQUATO TAPAJO, NRO 5200, FLORES, MANAUS-AM, CEP 69058-860
ACUCAR MASCAVO VITORIA 200G;R$ 2,09;SM VITORIA;AVENIDA TORQUATO TAPAJO, NRO 5200, FLORES, MANAUS-AM, CEP 69058-860
ACUCAR CRISTAL DOCE DIA 1KG;R$ 2,09;CDL ATACK FILIAL FLORES;AV. MAX TEIXEIRA, NRO 1878, FLORES, NAO INFORMADO, MANAUS-AM, CEP 69058-415
ACUCAR ITAMARATI 1KG;R$ 2,10;ELIANE CAVALCANTE PINTO ME;BOM INTENTO, NRO 121, SAO JOSE OPERARIO, MANAUS-AM, CEP 69086-133
ACUCAR ITAMARATI;R$ 2,10;HC PAES,CARNES E ESTIVAS;RUA ITABORAI, NRO 054, CIDADE NOVA, MANAUS-AM, CEP 69099-200
ACUCAR DOCE  DIA 1KL;R$ 2,10;MERCADINHO PEREIRA;RUA ITAETE, NRO 138, AMAZONINO MENDES, MANAUS-AM, CEP 69099-230
ACUCAR CRISTAL ITAMARATI 1K [DIVERSOS];R$ 2,10;MERCADINHO AMAZONIA;RUA OURO PRETO, NRO 012, COROADO, MANAUS-AM, CEP 69080-430
ACUCAR ITAMARATI;R$ 2,10;MERCADINHO AGUIAR;ALD ESPERANCA, NRO 370, NOVO ALEIXO, MANAUS-AM, CEP 69099-039
ACUCAR ITAMARATI KG;R$ 2,10;MERCADINHO BOM PRECO;AV ARICA, NRO 014, MAUAZINHO, MANAUS-AM, CEP 69075-410
ACUCAR CRISTAL DOCE DIA;R$ 2,10;MINE MERCADO E ACOUGUE RODRIGUES;AVENIDA LIBERDADE, NRO 977, TERRA NOVA II, MANAUS-AM, CEP 69093-497
ACUCAR DOCE DIA;R$ 2,15;MERCADINHO PC;RUA RIO COARI, NRO 01, TERRA NOVA 3, MANAUS-AM, CEP 69000-000
ACUCAR ITAMARATI;R$ 2,15;MINE MERCADO E ACOUGUE RODRIGUES;AVENIDA LIBERDADE, NRO 977, TERRA NOVA II, MANAUS-AM, CEP 69093-497
ACUCAR CRISTAL 1KG DOCE DIA;R$ 2,15;MERCADINHO CRISTIANE;R CEL TABORDA DE MIRANDA, NRO 082, ALEIXO, MANAUS-AM, CEP 69094-270
ACUCAR UNIAO 1KG;R$ 2,15;AUXILIADORA COM. REPRESENTACOE;RUA PENETRACAO, NRO 046, MUTIRAO, MANAUS-AM, CEP 69000-000
ACUCAR CRISTAL NOSSO DIA 1 KG;R$ 2,15;MERCADINHO CRISTIANE;R CEL TABORDA DE MIRANDA, NRO 082, ALEIXO, MANAUS-AM, CEP 69094-270
ACUCAR DOCE DIA 1KG;R$ 2,15;MERCADINHO SHALOOM;RUA VITORIA, NRO 10, NOVO ISRAEL, MANAUS-AM, CEP 69093-411
ACUCAR ITAMARATI KG;R$ 2,15;J C DA S COSTA COMERCIO;RUA 11, NRO 035, SAO JOSE 1, MANAUS-AM, CEP 69086-120
ACUCAR CRISTAL ITAMARATI 1KG;R$ 2,15;SUPERMERCADO RODRIGUES;AV AUTAZ MIRIM, NRO 7451, TANCREDO NEVES, NAO INFORMADO, MANAUS-AM, CEP 69085-000
ACUCAR CRISTAL ITAMARATI;R$ 2,19;BARATAO DA CARNE - HIP;RUA DOS ACAIZEIROS, NRO 1490, GILBERTO MESTRINHO, NAO INFORMADO, MANAUS-AM, CEP 69086-666
ACUCAR MIL CORES 80G;R$ 2,19;SUPERATACADO NOVA ERA;AV. ARQUITETO J.H.B. RODRIGUES, NRO 3760, MONTE DAS OLIVEIRAS, MANAUS-AM, CEP 69093-149
ACUCAR C MES CUC 1KG;R$ 2,19;CARREFOUR;AV DJALMA BATISTA 276 FLORES, NRO 276, FLORES, MANAUS-AM, CEP 69050-010
ACUCAR - FARINLESTE 1KG;R$ 2,19;MERCADINHO JOAO DOURADO;RUA JOAO DOURADO, NRO 036, NOVO ALEIXO, QD F31 LT36, MANAUS-AM, CEP 69098-198
ACUCAR CRISTAL MARCA;R$ 2,19;CARREFOUR;AV DJALMA BATISTA 276 FLORES, NRO 276, FLORES, MANAUS-AM, CEP 69050-010
ACUCAR CRIST ITAMAR;R$ 2,19;SUPERATACADO NOVA ERA;AV. ARQUITETO J.H.B. RODRIGUES, NRO 3760, MONTE DAS OLIVEIRAS, MANAUS-AM, CEP 69093-149
ACUCAR - DOCE DIA 1K;R$ 2,19;MERCADINHO JOAO DOURADO;RUA JOAO DOURADO, NRO 036, NOVO ALEIXO, QD F31 LT36, MANAUS-AM, CEP 69098-198
ACUCAR CRISTAL DOCE DIA 1 KG;R$ 2,20;PANIFICADORA E CONFEITARIA ROBSON;RUA CONSTELACAO DE TOURO, ALTOS, NRO 441, ALEIXO, MANAUS-AM, CEP 69060-110
ACUCAR CRISTAL IRAJA 1KG;R$ 2,20;SM Amazonas;AV. MARGARITA, NRO 001, NOVA CIDADE, QD 238 LOTE 1/3/10/12, MANAUS-AM, CEP 69097-305
ACUCAR DOCE DIA;R$ 2,20;MERCADINHO J SANTOS;RUA DOS COSMOS, NRO 001, JORGE TEIXEIRA, MANAUS-AM, CEP 69088-140
ACUCAR CRISTAL DOCE DIA 1KG;R$ 2,20;PANIFICADORA CONDE LTDA - FILIAL 05;AV. PROFESSOR NILTON LINS, NRO 1591, FLORES, LOJA: 12, MANAUS-AM, CEP 69058-030
ACUCAR LESTE 1KG;R$ 2,20;MERCADINHO RAYSSA;RUA DOS MILIONARIOS, NRO 391, PETROPOLIS, SAO SEBASTIAO, MANAUS-AM, CEP 69067-500
ACUCAR LESTE 1KG;R$ 2,25;CASA DO TRIGO;RUA 143 Q. 309, NRO 005, CIDADE NOVA 2, NUCLEO 09, MANAUS-AM, CEP 69097-720
ACUCAR ITAMARATI 1KG;R$ 2,25;E.SERRA RODRIGUES;AV BURITI, NRO 091, COROADO III, MANAUS-AM, CEP 69000-000
ACUCAR ITAMARATI;R$ 2,25;PARAISO DA CARNE;RUA ITAETE, NRO 015, NOVO ALEIXO, MANAUS-AM, CEP 69099-000
ACUCAR LESTE 1KG . (ACUCARLESTE);R$ 2,25;MANAUARA COMERCIAL;AVE ALCEBIADES PEREIRA VASCONCELOS, NRO 137, CONJ. JOAO PAULO 2, NOVA CIDADE, MANAUS-AM, CEP 69017-070
ACUCAR CRISTAL ITAMARATI FDO 1X301 KG;R$ 2,25;CAMPEAO SUPERMERCADOS LTDA;RUA JOAO PAULO I, NRO 001, ALVORADA, MANAUS-AM, CEP 69043-000
ACUCAR DOCE DIA 1KG;R$ 2,25;F DAS C CARIOCA DE ALCANTARA;AV. NEPAL QD 63, NRO 012, NOVA CIDADE, MANAUS-AM, CEP 69097-315
ACUCAR CRISTAL ITAMARATI 1KG 7896433800019;R$ 2,25;MERCADINHO FORTALEZA;R NOVA OLINDA, NRO 002, JAPIIM, MANAUS-AM, CEP 69078-090
ACUCAR ITAMARATI KG;R$ 2,25;MERCADINHO MAGALHAES;RUA AREAL, NRO 073, TANCREDO NEVES, MANAUS-AM, CEP 69080-340
ACUCAR DOCE DIA 1KG;R$ 2,25;I S NOGUEIRA;AV. NEPAL, NRO 006, NOVA CIDADE, MANAUS-AM, CEP 69097-315
ACUCAR CRISL ITAMA;R$ 2,25;CAMPEAO SUPERMERCADOS LTDA;RUA JOAO PAULO I, NRO 001, ALVORADA, MANAUS-AM, CEP 69043-000
ACUCAR CRISTAL ITAMARATI 1 KG;R$ 2,25;MERCADINHO CANTO DO RANCHO;R. DONA RAQUEL SOUZA, NRO 236, PETROPOLIS, MANAUS-AM, CEP 69063-000
ACUCAR DOCE DIA 1KG;R$ 2,25;MERCADINHO CLEBER;RUA PROF. MANOEL BELEM, NRO 043, CIDADE NOVA, CONJ. MANOA, MANAUS-AM, CEP 69090-767
ACUCAR ITAMARATI 1K;R$ 2,25;SUPER JB;AVE BARAO DO RIO BRANCO, NRO 015, FLORES, MANAUS-AM, CEP 69058-581
AAUCAR CRYSTALLI [DIVERSOS];R$ 2,25;MERCADINHO S & VIEIRA;RUA RAYOL DOS SANTOS, NRO 047, CIDADE NOVA, MANAUS-AM, CEP 69089-210
ACUCAR CRISTAL DOCE DIA 1KG790922434073;R$ 2,25;CASA DE CARNE SOPHIA;AV. JORGE BIVAQUA, NRO 024, JAPIIM, MANAUS-AM, CEP 69078-100
ACUCAR DOCE DIA 1KG;R$ 2,25;A L FRIOS;RUA DAS PEROLAS, NRO 587, TANCREDO NEVES, MANAUS-AM, CEP 69087-054
ACUCAR CRISTAL 1KG;R$ 2,25;A L FRIOS;RUA DAS PEROLAS, NRO 587, TANCREDO NEVES, MANAUS-AM, CEP 69087-054
ACUCAR ITAMARATI 1KG;R$ 2,25;MERCANTIL 3 IRMAOS;RUA GABRIEL GONCALVES, NRO 50, ALEIXO, MANAUS-AM, CEP 69060-010
ACUCAR CRISTAL ITAMA;R$ 2,25;MERCANTIL GERUSA;RUA 30, NRO 012, CIDADE NOVA II, MANAUS-AM, CEP 69094-300
ACUCAR ITAMARATI 1KG;R$ 2,25;MERCADINHO POPULAR;AV. ARICA, NRO 128, MAUAZINHO, MANAUS-AM, CEP 69047-010
ACUCAR DOCE DIA 1KG;R$ 2,25;CASA DE CARNE;AV. COSME FERREIRA, NRO 6110, ZUMBI DOS PALMARES, MANAUS-AM, CEP 69084-425
ACUCAR DOCE DIA KG;R$ 2,25;MERCADINHO ADAO EVA;RUA PROFESSORA RAIMUNDA MAGALHAES, NRO 103, COROADO II, MANAUS-AM, CEP 69080-271
ACUCAR CRISTAL ITAMARATI 1KG;R$ 2,25;SUPERMERCADO RESENDE;RUA ALMERON CAMINHA, NRO S/N, PETROPOLIS, MANAUS-AM, CEP 69067-200
ACUCAR ITAMARATI 1KG;R$ 2,25;MERCADINHO SAO JOAO;RUA RIO TAPAJOS , 77, NRO 77, COLONIA TERRA NOVA, MANAUS-AM, CEP 69093-463
ACUCAR DOCE DIA 1KG;R$ 2,25;PANIFICADORA OLIVEIRA;RUA 232 QD 411 (NUC 21), NRO 011, CIDADE NOVA V, MANAUS-AM, CEP 69096-770
ACUCAR DOCE DIA;R$ 2,25;MERCEARIA PRIMAVERA;R SOBRINHO MARANHAO, NRO 225, SAO FRANCISCO, MANAUS-AM, CEP 69063-050
ACUCAR DOCE DIA 1 KG;R$ 2,25;MERCADINHO JOELMA;RUA DANILO CORREA, NRO 01, PETROPOLIS, MANAUS-AM, CEP 69063-400
ACUCAR DOCE DIA 80;R$ 2,25;NEGUINHO BOM PAES E CONFEITARIA;R IGARACU, NRO 048, NOVO ALEIXO, MANAUS-AM, CEP 69099-120
ACUCAR ITAMARATI 1KG;R$ 2,25;MERCADINHO BOAS NOVAS;RUA GUAJURU, NRO 165, CIDADE NOVA, MANAUS-AM, CEP 69090-326
AAUCAR CRISTAL DOCE DIA [DIVERSOS];R$ 2,25;MERCADINHO S & VIEIRA;RUA RAYOL DOS SANTOS, NRO 047, CIDADE NOVA, MANAUS-AM, CEP 69089-210
ACUCAR CRISTAL ITAJA 1KG;R$ 2,25;FRIGORIFICO AMAZONAS;RUA RIO CARAUARI , 100, NRO 100, SAO JOSE OPERARIO, MANAUS-AM, CEP 69086-001
ACUCAR DOCE DIA 1KG;R$ 2,29;CASA DE CARNE OTAVIO;RUA PADRE JOAO RIBEIRO, NRO 110, CANARANAS, MANAUS-AM, CEP 69097-000
ACUCAR CRISTAL DOCE DIA 1KG;R$ 2,29;SUPERMERCADO ECONOMIA;RUA GURUPI, NRO 2323, REDENCAO, MANAUS-AM, CEP 69047-010
ACUCAR ITAMARATI KG;R$ 2,30;MERCADINHO PARANA;RUA WALTER REIS, NRO 1537, JORGE TEIXEIRA, MANAUS-AM, CEP 69088-732
ACUCAR CRISTAL ACUCARLESTE;R$ 2,30;JOSE ARTEIRO CARVALHO MERCEARIA:63726673000143;RUA I QUADRA 23, NRO 2, ARMANDO MENDES, MANAUS-AM, CEP 69085-130
ACUCAR CRISTAL PREMI;R$ 2,30;FINO CORTE - ALEIXO;AVENIDA ANDRE ARAUJO, NRO 075, ALEIXO, MANAUS-AM, CEP 69060-000
ACUCAR DOCE DIA 1KG;R$ 2,35;SUPERMERCADO LEITE E MEL;AV. FABIO LUCENA, NRO 1460, JAPIIM, MANAUS-AM, CEP 69077-000
ACUCAR REFINADO BRANCURA 1KG;R$ 2,39;LOJA 32 HIPER ALEIXO;AV COSME FERREIRA, NRO 2540, COROADO, MANAUS-AM, CEP 69082-230
ACUCAR GRAN DOCE DIA 1K;R$ 2,39;LOJA 09 HIPER DB DISTRITO;AV RODRIGO OTAVIO, NRO 3810, JAPIIM, MANAUS-AM, CEP 69077-900
COCO RALADO SOCOCO SEM ACUCAR;R$ 2,40;CASA DE CARNE OTAVIO;RUA SAO EUSEBIO, NRO 219, TERRA NOVA, MANAUS-AM, CEP 69093-820
ACUCAR ITAMARATI 1KG;R$ 2,40;SERVE LAR;TRAVESSA ARAPOTI, NRO 168, CONJUNTO MANOA, MANAUS-AM, CEP 69090-783
ACUCAR ITAMARATI 1KG;R$ 2,40;I S NOGUEIRA;AV. NEPAL, NRO 006, NOVA CIDADE, MANAUS-AM, CEP 69097-315
ACUCAR ITAMARATI 1KG;R$ 2,40;IALA COMERCIO DE PROD.ALI. E MAT ESC. E ESCRI LTDA - ME;RUA GENERAL CARNEIRO, NRO 536, SAO FRANCISCO[, MANAUS-AM, CEP 69079-020
ACUCAR REFINADO ITAMARATY 1KG;R$ 2,45;SUPERMERCADO RODRIGUES;AV AUTAZ MIRIM, NRO 7451, TANCREDO NEVES, NAO INFORMADO, MANAUS-AM, CEP 69085-000
ACUCAR CRISTAL ITAMARATI 1KG;R$ 2,45;ARENA;RUA SATIRO DIAS, NRO 400, SAO FRANCISCO, MANAUS-AM, CEP 69079-060
ACUCAR ITAMARATI 1KG;R$ 2,45;PANIFICADORA OLIVEIRA;RUA 232 QD 411 (NUC 21), NRO 011, CIDADE NOVA V, MANAUS-AM, CEP 69096-770
ACUCAR ITAMARATI 1KG;R$ 2,49;FINO CORTE - ALEIXO;AVENIDA ANDRE ARAUJO, NRO 075, ALEIXO, MANAUS-AM, CEP 69060-000
ACUCAR/ITAMARATI/1KG;R$ 2,49;MERCADINHO E ACOUGUE SAO JOSE;RUA JANAUACA, NRO 77, SAO JOSE OPERARIO, MANAUS-AM, CEP 69085-240
ACUCAR ITAMARATI 1KG;R$ 2,50;MARTA SOLANGE SIMOES DA MOTA;RUA AMERICO ALVAREZ, NRO 215, JAPIIM, MANAUS-AM, CEP 69078-560
ACUCAR CRISTAL DOCE DIA 1 KG;R$ 2,50;MERCADINHO POPULAR;RUA ADELINO COSTA CJ RIBEIRO JUNIOR, NRO 26, NOVA CIDADE, MANAUS-AM, CEP 69095-560
ACUCAR CRISTAL ITAMARATI 1 KG;R$ 2,50;MERCADINHO POPULAR;RUA ADELINO COSTA CJ RIBEIRO JUNIOR, NRO 26, NOVA CIDADE, MANAUS-AM, CEP 69095-560
ACUCAR ITAMARATI 040001;R$ 2,50;MERCADINHO TIO LUIZ;R FRANCISCA MENDES, NRO 901, CIDADE DE DEUS, MANAUS-AM, CEP 69099-340
ACUCAR CRISTAL ESP 30X01KG;R$ 2,50;panificadora fruta pao;TRAV. 03 NRO 16 LJ. 06/07 CONJ. ICA PAR, NRO 003, ADRIANOPOLIS, MANAUS-AM, CEP 69053-590
ACUCAR ITAMARATI 1KG;R$ 2,50;SUPERMERCADO LEITE E MEL;AV. FABIO LUCENA, NRO 1460, JAPIIM, MANAUS-AM, CEP 69077-000
ACUCAR ITAMARATI;R$ 2,50;COMERCIAL SORRISO;RUA. CELSO MACHADO, NRO 013, FLORES, MANAUS-AM, CEP 69028-320
HYDRO LIMAO ZERO ACUCAR 510ML;R$ 2,50;SUPERMERCADO LEITE E MEL;AV. FABIO LUCENA, NRO 1460, JAPIIM, MANAUS-AM, CEP 69077-000
AGUA HYDRO LIMAO ZERO ACUCAR 450ML;R$ 2,50;MERCADINHO BAIMA;RUA DON JOAO VI, NRO 027, PARQUE DEZ, MANAUS-AM, CEP 69054-000
ACUCAR DOCE DIA;R$ 2,50;PANIFICADORA E CONFEITARIA MULTIPAO;AV NOEL NUTELS, NRO 1360, CIDADE NOVA, MANAUS-AM, CEP 69095-000
ACUCAR CRISTAL 1KG CBM;R$ 2,50;36 - MANAUS;AV. GEN. RODRIGO OTAVIO 900, NRO 1, BAIRRO JAPIIM, MANAUS-AM, CEP 69077-000
ACUCAR ITAMARATI 1KG;R$ 2,50;MERCEARIA PRIMAVERA;R SOBRINHO MARANHAO, NRO 225, SAO FRANCISCO, MANAUS-AM, CEP 69063-050
ACUCAR NOSSO DIA 1KG;R$ 2,50;VITALLI ATACADO;AV. TORQUATO TAPAJOS, NRO 053, FLORES, MANAUS-AM, CEP 69050-830
COCA ZERO-ACUCAR LAT;R$ 2,50;CASA DE CARNE OTAVIO;RUA PADRE JOAO RIBEIRO, NRO 110, CANARANAS, MANAUS-AM, CEP 69097-000
ACUCAR DOCE DIA 1KG;R$ 2,50;PANIFICADORA MIYAZAKI;ALEXANDRE MAGNO, NRO 1005, PARQUE 10, MANAUS-AM, CEP 69054-723
ACUCAR DOCE DIA CRISTAL 1KG;R$ 2,50;ILHA GELADA MAX;AV MAX TEIXEIRA, NRO 999, COL SANTO ANTON, MANAUS-AM, CEP 69093-770
ACUCAR CRISTAL 1KG;R$ 2,50;MINERVAL PEREIRA DE ABREU;RUA AMERICO VESPUCIO, NRO 058, FLORES, MANAUS-AM, CEP 69028-129
ACUCAR ITAMARATI 1KG . (ITAMARATI);R$ 2,50;MANAUARA COMERCIAL;AVE ALCEBIADES PEREIRA VASCONCELOS, NRO 137, CONJ. JOAO PAULO 2, NOVA CIDADE, MANAUS-AM, CEP 69017-070
ACUCAR ITAMARATI 1KG;R$ 2,51;DROGARIAS NAZARE;AV AUTAZ MIRIM, NRO 062, SAO JOSE, TERREO, MANAUS-AM, CEP 69085-000
ACUCAR ITAMARATI 1KG . (DIVERSAS);R$ 2,55;SUPERMERCADO MATCHOU;RUA JOAO CAMARA, NRO 027, NOVO ALEIXO, QUADRA E 32 LOTE 26/27, MANAUS-AM, CEP 69098-165
ACUCAR COLORIDO MIL CORES AZUL 80GR;R$ 2,55;CDL ATACK FILIAL FLORES;AV. MAX TEIXEIRA, NRO 1878, FLORES, NAO INFORMADO, MANAUS-AM, CEP 69058-415
ACUCAR COLORIDO MIL CORES BCO 80GR;R$ 2,55;CDL ATACK FILIAL FLORES;AV. MAX TEIXEIRA, NRO 1878, FLORES, NAO INFORMADO, MANAUS-AM, CEP 69058-415
ACUCAR COLORIDO MIL CORES ROSA 80GR;R$ 2,55;CDL ATACK FILIAL FLORES;AV. MAX TEIXEIRA, NRO 1878, FLORES, NAO INFORMADO, MANAUS-AM, CEP 69058-415
ACUCAR COLORIDO MIL CORES AMARELO 80GR;R$ 2,55;CDL ATACK FILIAL FLORES;AV. MAX TEIXEIRA, NRO 1878, FLORES, NAO INFORMADO, MANAUS-AM, CEP 69058-415
ACUCAR ACUCARLESTE;R$ 2,59;CASA DE CARNE;AV. COSME FERREIRA, NRO 6110, ZUMBI DOS PALMARES, MANAUS-AM, CEP 69084-425
ACUCAR CRISTAL UNIAO 1KG;R$ 2,59;FRIOTRANS CAMAPUA;AVENIDA CAMAPU?, NRO 2239, CIDADE DE DEUS, NAO INFORMADO, MANAUS-AM, CEP 69097-720
ACUCAR CRISTAL 1KG ITAMARATI;R$ 2,59;CASA DE CARNE OTAVIO;RUA SAO EUSEBIO, NRO 219, TERRA NOVA, MANAUS-AM, CEP 69093-820
ACUCAR ITAMARATI 1KG;R$ 2,60;MERCADINHO JAPONES;RUA MANOEL MARQUES DE SOUZA, NRO 242, PARQUE DEZ, MANAUS-AM, CEP 69055-240
ACUCAR CRISTAL NOSSO DIA;R$ 2,60;VAREJAO DA ECONOMIA;R DO COMERCIO, NRO 012, PARQUE DEZ, LETRA A, MANAUS-AM, CEP 69055-000
ACUCAR CRISTAL ITAMARATI 1KG;R$ 2,75;PEDRO NAGAWO DE SOBRAL ME;TRAV. ARHUR AZEVEDO, 16QD 7 LT 16, NRO 16, CIDADE NOVA, MANAUS-AM, CEP 69098-000
ACUCAR CRISTAL ITAMARATY 1 KG;R$ 2,75;PANIFICADORA TROPICAL;RUA BENJAMIN CONSTANT, NRO 184, PETROPOLIS, MANAUS-AM, CEP 69063-010
ACUCAR ITAMARATI CRISTAL 1KG;R$ 2,75;TABERNAO;RUA FRANCISCO ARRUDA, NRO 301, COROADO, MANAUS-AM, CEP 69083-060
ACUCAR DOCE DIA 1KG;R$ 2,75;F J TEIXEIRA LIMA;RUA DA PAZ, NRO 27, MAUAZINHO, MANAUS-AM, CEP 69075-410
DOCE BANANINHA PARAIBUNA 36 G C/ ACUCAR UN;R$ 2,77;SUPERMERCADO VENEZA;AV TANCREDO NEVES, NRO 915, PARQUE 10, MANAUS-AM, CEP 69054-700
ACUCAR CRISTAL ITAMARATI 1KG;R$ 2,79;MERCADINHO JUMA 1;RUA JASMIM DE CAIEMA, NRO 26, NOVO ALEIXO, MANAUS-AM, CEP 69098-376
ACUCAR DOCE DIA 1KG;R$ 2,90;PANIFICADORA REAL SABOR;RUA DORVAL, NRO 41, CIDADE NOVA, MANAUS-AM, CEP 69097-154
ACUCAR CRISTAL OTIMO 1X1KG;R$ 2,90;CESTAS OTIMO;AV, DA FLORESTA, NRO 2478, TARUMA ACU, MANAUS-AM, CEP 69022-000
ACUCAR VANILLE 40G ARCOLOR;R$ 2,90;CASA DOS PANIFICADORES;AVENIDA AUTAZ MIRIM, NRO 7360, TANCREDO NEVES, NAO INFORMADO, MANAUS-AM, CEP 69087-215
BANANINHA PARAIBUNA S/ACUCAR 23G/CR/;R$ 2,95;DROGARIA YASMIM;RUA PADRE JOAO RIBEIRO, NRO 3, CIDADE NOVA, CONJ CANARANAS, MANAUS-AM, CEP 69097-000
CHA VERDE ZERO ACUCAR LIMAO 8G;R$ 2,95;LOJA 01 HIPER PARAIBA;AV JORN. HUMBERTO C FILHO, NRO 1128, ADRIANOPOLIS, MANAUS-AM, CEP 69057-021
ACUCAR CONFEIT GRACUCAR 500G;R$ 2,95;O BARATINHO;AV. JORGE BIVACUA, NRO 290, JAPIIM, MANAUS-AM, CEP 69078-100
ACUCAR GARCONETE 1 K CRISTAL UN;R$ 2,95;SUPERMERCADO VENEZA;AV TANCREDO NEVES, NRO 915, PARQUE 10, MANAUS-AM, CEP 69054-700
ACUCAR CRISTALCUCAR;R$ 2,99;SUPERATACADO NOVA ERA;AV. TORQUATO TAPAJOS, NRO 2871, DA PAZ, MANAUS-AM, CEP 69048-010
TORRADA LIGHT S/ACUCAR BAUDUCCO;R$ 2,99;BARATAO DA CARNE - C.DEUS;AV NOSSA SENHORA DA CONCEICAO (C DEUS), NRO 1326, JORGE TEIXEIRA, NAO INFORMADO, MANAUS-AM, CEP 69099-852
BANANINHA S/ACUCAR PARAIBUNA 23G;R$ 2,99;SUPERMERCADO JUMA 2;RUA CARIRE, NRO 42, NOVO ALEIXO, MANAUS-AM, CEP 69098-000
NECTAR MANGA SEM ACUCAR LATA 290ML;R$ 2,99;DROGARIAS SANTO REMEDIO - NOVO MUNDO;TABELIAO LESSA, NRO 9, CENTRO, MANAUS-AM, CEP 69005-170
SUCO NECTAR UVA SEM ACUCAR 290ML;R$ 2,99;DROGARIAS SANTO REMEDIO - MANAUARA;MARIO YPIRANGA, NRO 1300, ADRIANOPOLIS, LOJA 18 A, MANAUS-AM, CEP 69057-002
POTE ACUCAR/CAFE 2PCS 1993;R$ 2,99;VARIEDADES SALMO 91;AV FRANCISCO QUEIROZ, NRO 481, COL SANTO ANTONIO, NAO INFORMADO, MANAUS-AM, CEP 69093-000
FLOCOS MILHO S/ACUCAR MAE TERRA;R$ 2,99;BARATAO DA CARNE - C.DEUS;AV NOSSA SENHORA DA CONCEICAO (C DEUS), NRO 1326, JORGE TEIXEIRA, NAO INFORMADO, MANAUS-AM, CEP 69099-852
SUCO NECTAR PESSEGO SEM ACUCAR LATA 290M;R$ 2,99;DROGARIAS SANTO REMEDIO - AVENIDA DAS TORRES;GOVERNADOR JOSE LINDOSO, NRO 3588, NOVO ALEIXO, LOTEAM AGUAS CLARAS, MANAUS-AM, CEP 69058-600
POTE ACUCAR/CAFE 2PCS 1993;R$ 2,99;VARIEDADES SALMO 91;RUA CURIO, NRO 100, CIDADE NOVA, NAO INFORMADO, MANAUS-AM, CEP 69000-000
POTE ACUCAR/CAFE 2PCS 1993;R$ 2,99;VARIEDADES SALMO 91;AV AUTAZ MIRIM, NRO 042, SAO JOSE OPERARIO, NAO INFORMADO, MANAUS-AM, CEP 69085-000
SUCO NECTAR PESSEGO SEM ACUCAR LATA 290M     DE:2,99 POR:2,93 ECONOMIA:2,01%;R$ 2,99;DROGARIAS SANTO REMEDIO - PQ DEZ II;11, NRO 32, P10, QD6 PRQ TROPICAL, MANAUS-AM, CEP 69055-751
ACUCAR ITAMARATI 1KG UN UNICO;R$ 2,99;BELLA SERPAN CASA DOS PAES;AV EPHIGENIO SALES, NRO 011, ALEIXO, MANAUS-AM, CEP 69060-020
COCA-ZERO-ACUCAR 600;R$ 2,99;CASA DE CARNE OTAVIO;RUA PADRE JOAO RIBEIRO, NRO 110, CANARANAS, MANAUS-AM, CEP 69097-000
ACUCAR ITAMARATI 1 KG;R$ 3,00;POSTO TURISMO II;AV DO TURISMO, NRO 109, PONTA NEGRA, MANAUS-AM, CEP 69037-005
ACUCAR ITAMARATI 1 KG;R$ 3,00;Frigorifico Amazonas;RUA VASCO VASQUES, 1336, NRO 1336, PARQUE 10 DE NOVEMBRO, MANAUS-AM, CEP 69093-000
ACUCAR ITAMARATI 1KG;R$ 3,00;MERCADINHO BAIMA;RUA DON JOAO VI, NRO 027, PARQUE DEZ, MANAUS-AM, CEP 69054-000
BANANINHA C ACUCAR PARAIBUNA 3;R$ 3,00;VITELLO LTDA;AV MAX TEIXEIRA, NRO 2795, COL SANTO ANTONIO, PROX  ENTRADA DO MANOA, MANAUS-AM, CEP 69093-770
COCA COLA ZERO ACUCA;R$ 3,00;SUPER JB;AVE BARAO DO RIO BRANCO, NRO 015, FLORES, MANAUS-AM, CEP 69058-581
ACUCAR CRISTAL NOSSO DIA 1X1;R$ 3,00;CESTAS OTIMO;AV, DA FLORESTA, NRO 2478, TARUMA ACU, MANAUS-AM, CEP 69022-000
ACUCAR ITAMARATI 1KG;R$ 3,00;PANIFICADORA CRISTAL;RUA SEVERINO D ANDRADE, CNJ 31 D MARCO 2, NRO 1694, JAPIIM, MANAUS-AM, CEP 69076-260
BANANINHA PARAIBUNA SEM ACUCAR;R$ 3,00;POSTO PARQUE DEZ;AV MANECA MARQUES, NRO 1902, PQ DEZ DE NOVEMBRO, CJ CASTELO BRANCO, MANAUS-AM, CEP 69055-021
ACUCAR 1KG 144;R$ 3,00;SOUNIER CASA DE PAES;AV BRIGADEIRO HILARIO GURJAO, NRO 206, JORGE TEIXEIRA, MANAUS-AM, CEP 69088-000
BANANINHA SEM ADICAO DE ACUCAR;R$ 3,10;VITELLO LTDA;AV MAX TEIXEIRA, NRO 2795, COL SANTO ANTONIO, PROX  ENTRADA DO MANOA, MANAUS-AM, CEP 69093-770
DOCE BANANINHA PARAIBUNA 23 G S/ ACUCAR UN;R$ 3,17;SUPERMERCADO VENEZA;AV TANCREDO NEVES, NRO 915, PARQUE 10, MANAUS-AM, CEP 69054-700
ACUCAR UNIAO 1K;R$ 3,19;L V BARJA QUEIROZ;RUA IRITAMA, NRO 002, CIDADE NOVA, MANAUS-AM, CEP 69097-760
ACUCAR CRISTAL 1KG;R$ 3,25;NOSSO POSTO;AV MARQUES DE VILA REAL DA PRAIA GRANDE, NRO SN, FLORES, 1 QUADRA 3 LOTE 1, MANAUS-AM, CEP 69058-100
CHOC BRANCO LINEA ZERO ACUCAR 13G LACTA;R$ 3,25;PANIFICADORA ELIZA - 2320;AV . HUMBERTO CALDERARO FILHO, NRO 020, ADRIANOPOLIS, MANAUS-AM, CEP 69000-000
BANANINHA SEM ACUCAR;R$ 3,25;TOCA DO CAMARAO;RUA DO COMERCIO, NRO 031, PQ 10 NOVEMBRO, MANAUS-AM, CEP 69055-000
CHOC DARK LINEA ZERO ACUCAR 13G LACTA;R$ 3,25;PANIFICADORA ELIZA - 2320;AV . HUMBERTO CALDERARO FILHO, NRO 020, ADRIANOPOLIS, MANAUS-AM, CEP 69000-000
VALDA FRIENDS PASTILHA SACUCAR 25G(30);R$ 3,35;FARMABEM;RUA SANTO ANTONIO, NRO 11, ADRIANOPOLIS, MANAUS-AM, CEP 69060-560
BANANINHA S/ACUCAR PARAIBUNA 23G;R$ 3,49;MERCADINHO JUMA 1;RUA JASMIM DE CAIEMA, NRO 26, NOVO ALEIXO, MANAUS-AM, CEP 69098-376
BANANINHA PARAIBUNA SEM ACUCAR 23G;R$ 3,49;VAREJAO OSSAMI LARANJEIRAS;AVENIDA PROF NILTON LINS, NRO 195, FLORES, MANAUS-AM, CEP 69058-030
BANANINHA PARAIBUNA SACUCAR 23G;R$ 3,49;SM VITORIA;AVENIDA TORQUATO TAPAJO, NRO 5200, FLORES, MANAUS-AM, CEP 69058-860
BANANA CREMOSA PARAIBUNA C/ACUCAR 36G;R$ 3,50;MERCADINHO JAPONES;RUA MANOEL MARQUES DE SOUZA, NRO 242, PARQUE DEZ, MANAUS-AM, CEP 69055-240
ACUCAR REFINADO UNIA;R$ 3,50;PANIFICADORA BARCELONA;RUA PROF. RAYMUNDA MAGALHAES, NRO 105, COROADO II, MANAUS-AM, CEP 69070-280
ACUCAR UNIAO REFINAD;R$ 3,50;E.SERRA RODRIGUES;AV BURITI, NRO 091, COROADO III, MANAUS-AM, CEP 69000-000
BANANINHA PARAIBUNA S/ ACUCAR 23G;R$ 3,50;MERCADINHO JAPONES;RUA MANOEL MARQUES DE SOUZA, NRO 242, PARQUE DEZ, MANAUS-AM, CEP 69055-240
BANANINHA PARAIBUNA SEM ACUCAR 23 G;R$ 3,50;DON PAO;RUA DOS CRISANTEMOS, 60 CONJ. TIRA DENTES, NRO 014, ALEIXO, MANAUS-AM, CEP 69083-230
ACUCAR CRISTAL ITAMARATI 1KG;R$ 3,50;VDL ALEIXO;AV COSME E FERREIRA, NRO 6039, ALEIXO, KM 05, MANAUS-AM, CEP 69083-000
ACUCAR ITAMARATI 1KG;R$ 3,50;COMERCIAL PIT STOP;RUA MOTEIRO LOBATO, NRO 13, ALEIXO, MANAUS-AM, CEP 69060-000
BANANINHA S ACUCAR 23G;R$ 3,50;VDL RECIFE;AV RECIFE, NRO 200, FLORES, MANAUS-AM, CEP 69050-030
ACUCAR REFINADO UNIAO 1KG;R$ 3,59;SUPERMERCADO JUMA 2;RUA CARIRE, NRO 42, NOVO ALEIXO, MANAUS-AM, CEP 69098-000
ACUCAR REFINADO ITAM;R$ 3,60;COMERCIAL BOI ZEBU;AV BRIGADEIRO HILLARIO GURJAO, NRO 2607, JORGE TEIXEIRA, MANAUS-AM, CEP 69088-000
CR DENTAL ORAL B 1 2 3 ANTI ACUCAR 70G;R$ 3,62;FARMACIAS FLEX FARMA - JAPIIM 2;ODRIGO OTAVIO, NRO 46, JAPIIM, MANAUS-AM, CEP 69077-000
CR DENTAL ORAL B 1 2 3 ANTI ACUCAR 70G    DE:362 POR:355 ECONOI:193;R$ 3,62;DROGARIAS SANTO REMEDIO - AMAZONAS SHOPPING;DJALMA BATISTA, NRO 482, PARQUE DEZ DE NOVEMBRO, ANDAR 1, MANAUS-AM, CEP 69050-010
COCADA ZERO ACUCAR FLORMEL 25G;R$ 3,66;FARMACIAS PAGUE MENOS;AV ANDRE ARAUJO, NRO 72, ADRIANOPOLIS, -, MANAUS-AM, CEP 69057-025
ACUCAR REFINADO UNIAO 1KG;R$ 3,69;LOJA 20 SUPER MANOA;RUA FRANCISCO QUEIROZ, NRO 1025, MANOA, MANAUS-AM, CEP 69054-712
ACUCAR ITAMARATI 1KG;R$ 3,70;VITELLO LTDA;AV. TANCREDO NEVES, NRO 367, PARQUE 10, MANAUS-AM, CEP 69054-700
BANANINHA PARAIBUNA SACUCAR 23G  (40);R$ 3,72;FARMABEM;AV TORQUATO TAPAJOS, NRO 5252, FLORES, MANAUS-AM, CEP 69058-830
ACUCAR UNIAO REFINADO 1KG;R$ 3,75;SUPERMERCADO RESENDE;RUA ALMERON CAMINHA, NRO S/N, PETROPOLIS, MANAUS-AM, CEP 69067-200
BOMBOM CAST ZERO ACUCAR;R$ 3,75;LOJA MANAUARA;AV. MARIO YPIRANGA, NRO 1300, ADRIANOPOLIS, EUC LOJA 19 P TUCUMA, MANAUS-AM, CEP 69057-002
CR DENTAL ORAL-B PRO SAUDE ANTI ACUCAR 70G;R$ 3,75;CALIFORNIA;RUA EZEQUIEL, 81, NRO 81, NOVO ISRAEL, MANAUS-AM, CEP 69039-090
CANJICA COM ACUCAR ORGANICO PIPOCA;R$ 3,75;HORTIQUALY;AV RIO GUAMA, NRO 497, NOSSA SENHORA DAS GR, MANAUS-AM, CEP 69053-120
CHA VERDE ZERO ACUCAR PESSEGO 8G;R$ 3,82;LOJA 01 HIPER PARAIBA;AV JORN. HUMBERTO C FILHO, NRO 1128, ADRIANOPOLIS, MANAUS-AM, CEP 69057-021
CANELA EM PO SEM ACUCAR DONA CARMINHA 40G;R$ 3,85;ALIANCA SUPERMERCADO;RUA CASSIOPEIA, SANTO AGOSTINHO, MANAUS-AM, CEP 69036-600
ACUCAR UNIAO 1KG;R$ 3,95;SUPER JB;AVE BARAO DO RIO BRANCO, NRO 015, FLORES, MANAUS-AM, CEP 69058-581
ACUCAR DE CONFEITEIRO 500G SNOW SUGAR;R$ 3,99;GRUPO QUEIROZ;AV PROFESSOR NILTON LINS, NRO SN, FLORES, MANAUS-AM, CEP 69058-030
FLOCOS MILHO C/ACUCAR MAE TERRA;R$ 3,99;BARATAO DA CARNE - C.DEUS;AV NOSSA SENHORA DA CONCEICAO (C DEUS), NRO 1326, JORGE TEIXEIRA, NAO INFORMADO, MANAUS-AM, CEP 69099-852
CACAU PO S/ACUCAR MAE TERRA;R$ 3,99;BARATAO DA CARNE - C.DEUS;AV NOSSA SENHORA DA CONCEICAO (C DEUS), NRO 1326, JORGE TEIXEIRA, NAO INFORMADO, MANAUS-AM, CEP 69099-852
CR DENTAL ORAL B 70G ANTI ACUCAR;R$ 3,99;SUPERMERCADO RODRIGUES;AV AUTAZ MIRIM, NRO 7451, TANCREDO NEVES, NAO INFORMADO, MANAUS-AM, CEP 69085-000
ACUCAR   REFINADO UNIAO/1KG;R$ 3,99;MERCADINHO E ACOUGUE SAO JOSE;RUA JANAUACA, NRO 77, SAO JOSE OPERARIO, MANAUS-AM, CEP 69085-240
FINI NATURAL SWEETS CHIC S ACUCAR 18G        DE:3,99 POR:3,91 ECONOMIA:2,01%;R$ 3,99;DROGARIAS SANTO REMEDIO - AVENIDA DAS TORRES;GOVERNADOR JOSE LINDOSO, NRO 3588, NOVO ALEIXO, LOTEAM AGUAS CLARAS, MANAUS-AM, CEP 69058-600
ACUCAR - REFINADO UNIAO 1K;R$ 3,99;MERCADINHO JOAO DOURADO;RUA JOAO DOURADO, NRO 036, NOVO ALEIXO, QD F31 LT36, MANAUS-AM, CEP 69098-198
BANANINHA PARAIBUNA SEM ACUCAR 23G;R$ 4,00;Cazagro;AV TORQUATO TAPAJOS, NRO 540, FLORES, LOJA 7, MANAUS-AM, CEP 69058-540
ACUCAR CRISTAL ITAMARATI 1KG;R$ 4,00;POSTO MORADA DO SOL;AV ANDRE ARAUJO, NRO 2893, ALEIXO, MANAUS-AM, CEP 69060-000
DOCE BANANINHA PARAIBUNA S ACUCAR 23G;R$ 4,00;ITA LUCAS LTDA;COSME FERREIRA, NRO 357, ALEIXO, MANAUS-AM, CEP 69083-000
ACUCAR CRISTAL PREMIERE 1KG;R$ 4,04;DROGARIA UNIAO;AV.CAMAPUA CANARANAS, NRO 705, CIDADE NOVA, MANAUS-AM, CEP 69097-720
ACUCAR REFINADO UNIAO1KG;R$ 4,06;CAMPEAO SUPERMERCADOS LTDA;RUA JOAO PAULO I, NRO 001, ALVORADA, MANAUS-AM, CEP 69043-000
CR DENTAL COLG MPA NETR ACUCAR 70G           DE:4,08 POR:4,00 ECONOMIA:1,96%;R$ 4,08;DROGARIA SANTO REMEDIO - CIDADE NOVA I;GUAPO, NRO 68, CIDADE NOVA, Q20, MANAUS-AM, CEP 69090-040
CR DENTAL COLG MPA NETR ACUCAR 70G;R$ 4,08;DROGARIAS SANTO REMEDIO - AMAZONAS SHOPPING;DJALMA BATISTA, NRO 482, PARQUE DEZ DE NOVEMBRO, ANDAR 1, MANAUS-AM, CEP 69050-010
ACUCAR MASCAVO DUBOM 200G;R$ 4,19;SUPERMERCADO JUMA 2;RUA CARIRE, NRO 42, NOVO ALEIXO, MANAUS-AM, CEP 69098-000
ACUCAR MASCAVO 200G;R$ 4,19;L V BARJA QUEIROZ;RUA IRITAMA, NRO 002, CIDADE NOVA, MANAUS-AM, CEP 69097-760
ACUCAR UNIAO REFIN 1;R$ 4,19;SUPERATACADO NOVA ERA;AV. TORQUATO TAPAJOS, NRO 2871, DA PAZ, MANAUS-AM, CEP 69048-010
ACUCAR UNIAO REFINADO 1KG;R$ 4,20;MERCADINHO JAPONES;RUA MANOEL MARQUES DE SOUZA, NRO 242, PARQUE DEZ, MANAUS-AM, CEP 69055-240
ACUCAR UNIAO REFI KG;R$ 4,25;SUPERMERCADO NOVA CIDADE;RUA DESEMBARGADOR GASPAR GUIMARAES, NRO 169, PARQUE 10 DE NOVEMBR, MANAUS-AM, CEP 69050-662
BANANINHA PARAIBUNA SEM ACUCAR -;R$ 4,25;REVISTARIA PLANETA;AV MARIO YPIRANGA - MANAUARA SHOPPING, NRO 1300, ADRIANOPOLIS, S-009, MANAUS-AM, CEP 69057-002
ACUCAR UNIAO 1KG REFINADO;R$ 4,25;SUPERMERCADO RODRIGUES;AV AUTAZ MIRIM, NRO 7451, TANCREDO NEVES, NAO INFORMADO, MANAUS-AM, CEP 69085-000
ACUCAR UNIAO 1KG REFINADO UN;R$ 4,28;SUPERMERCADO VENEZA;AV TANCREDO NEVES, NRO 915, PARQUE 10, MANAUS-AM, CEP 69054-700
DOCE LEITE ZERO ACUCAR FLORMEL 25G;R$ 4,30;FARMACIAS PAGUE MENOS;AV TANCREDO NEVES, NRO 1066, PARQUE 10 DE NOVEMBR, CJ N FRIBURGO, MANAUS-AM, CEP 69054-040
ACUCAR ITAMARATI PCT 1KG;R$ 4,40;AUTO POSTO BRASIL;AVGOVERNADORJOSELINDOSO, NRO 2560, PARQUEDEZDENOVEMBRO, MANAUS-AM, CEP 69054-285
ACUCAR REFINADO UNIAO 1KG;R$ 4,40;CALIFORNIA;RUA EZEQUIEL, 81, NRO 81, NOVO ISRAEL, MANAUS-AM, CEP 69039-090
ACUCAR CONFEITEIRO SNOW SUGAR 500G;R$ 4,45;SUPERMERCADO SAN RUAN LTDA;AV AUTAZ MIRIM, 8007, NRO 8007, TANCREDO NEVES, MANAUS-AM, CEP 69087-215
ACUCAR UNIAO REFINADO 1KG;R$ 4,45;SUPERMERCADO VIDAL;AVENIDA FRANCISCO QUEIROZ, NRO 39, CIDADE NOVA, MANAUS-AM, CEP 69093-000
CEREAL MULTCEREAIS ZERO ACUCAR 150G DAN      DE:4,49 POR:4,40 ECONOMIA:2,00%;R$ 4,49;DROGARIAS SANTO REMEDIO - TORQUATO TAPAJOS;AVE TORQUATO TAPAJOS, NRO 4160, FLORES, A, MANAUS-AM, CEP 69048-971
ACUCAR ITAMARATI;R$ 4,50;AUTO POSTO AMAZONAS;AVENIDA PROFESSOR NILTON LINS, NRO 1880, PARQUE DAS LARANJEIRAS, MANAUS-AM, CEP 69058-310
ACUCAR REFINADO UNIA;R$ 4,59;CASA DE CARNE OTAVIO;RUA PADRE JOAO RIBEIRO, NRO 110, CANARANAS, MANAUS-AM, CEP 69097-000
ALIM INFAN MILNUTRI ZERO ACUCA 150 G MULTICEREA UN;R$ 4,66;SUPERMERCADO VENEZA;AV TANCREDO NEVES, NRO 915, PARQUE 10, MANAUS-AM, CEP 69054-700
ACUCAR REF UNIAO 1KG;R$ 4,69;BIG AMIGAO F4;RUA FRANCISCA MENDES, NRO 2360, CIDADE DE DEUS, NAO INFORMADO, MANAUS-AM, CEP 69099-345
ACUCAR REFINADO 1KG;R$ 4,70;COMERCIAL BOI ZEBU;AV BRIGADEIRO HILLARIO GURJAO, NRO 2607, JORGE TEIXEIRA, MANAUS-AM, CEP 69088-000
ACUCAR REFINADO UNIAO 1KG;R$ 4,75;SUPERMERCADO SAN RUAN LTDA;AV AUTAZ MIRIM, 8007, NRO 8007, TANCREDO NEVES, MANAUS-AM, CEP 69087-215
BANANINHA PARAIBUNA SACUCAR 23G;R$ 4,79;LOJA 09 HIPER DB DISTRITO;AV RODRIGO OTAVIO, NRO 3810, JAPIIM, MANAUS-AM, CEP 69077-900
ACUCAR COLORIDO VERMELHO MIL CORES 500G;R$ 4,80;MARA FRIOS;AV NOEL NUTELS - CONJ CN ET 1, NRO 20, CIDADE NOVA, MANAUS-AM, CEP 69093-770
DESCOL PO CARE LISS ACUCAR 50G;R$ 4,80;FARMABEM;AV AUTAZ MIRIM, NRO 8144, TANCREDO NEVES, MANAUS-AM, CEP 69085-000
ACUCAR MASC ORG 250G;R$ 4,90;MERCADINHO PARANA;RUA WALTER REIS, NRO 1537, JORGE TEIXEIRA, MANAUS-AM, CEP 69088-732
ACUCAR ORG.MASCAVO MAE TERRA;R$ 4,99;BARATAO DA CARNE - C.DEUS;AV NOSSA SENHORA DA CONCEICAO (C DEUS), NRO 1326, JORGE TEIXEIRA, NAO INFORMADO, MANAUS-AM, CEP 69099-852
ACUCAR CONFEITEIRO B;R$ 4,99;SUPER JB;AVE BARAO DO RIO BRANCO, NRO 015, FLORES, MANAUS-AM, CEP 69058-581
ACUCAR REFIN.UNIAO;R$ 4,99;BARATAO DA CARNE - C.DEUS;AV NOSSA SENHORA DA CONCEICAO (C DEUS), NRO 1326, JORGE TEIXEIRA, NAO INFORMADO, MANAUS-AM, CEP 69099-852
ACUCAR DEMERARA MAE TERRA;R$ 4,99;BARATAO DA CARNE - C.DEUS;AV NOSSA SENHORA DA CONCEICAO (C DEUS), NRO 1326, JORGE TEIXEIRA, NAO INFORMADO, MANAUS-AM, CEP 69099-852
ACUCAR CRISTAL 2KG CBM;R$ 4,99;36 - MANAUS;AV. GEN. RODRIGO OTAVIO 900, NRO 1, BAIRRO JAPIIM, MANAUS-AM, CEP 69077-000
DELVALLE NECTAR CAJU S/ACUCAR 1L;R$ 4,99;MERCADINHO JAPONES;RUA MANOEL MARQUES DE SOUZA, NRO 242, PARQUE DEZ, MANAUS-AM, CEP 69055-240
ACUCAR DEMER.UNIAO;R$ 4,99;MANAUS;AV AUTAZ MIRIM, NRO 3330, ZUMBI DOS PALMARES, MANAUS-AM, CEP 69084-005
HELMILAB 30ML S/ ACUCAR;R$ 5,00;DROGARIA SAO RAPHAEL/STEPHANE;AV ARICA, NRO 00, MAUAZINHO, MANAUS-AM, CEP 69075-000
FF BOLO LRNJ COBER ACUCR 90GR;R$ 5,00;POSTO ESCOLA;AV DJALMA BATISTA, NRO 4360, FLORES, MANAUS-AM, CEP 69050-010
ACUCAR CONFEIT GLACUCAR 500G;R$ 5,15;36 - MANAUS;AV. GEN. RODRIGO OTAVIO 900, NRO 1, BAIRRO JAPIIM, MANAUS-AM, CEP 69077-000
BISC CHAMP BAUDU ACUCAR CRIST 150GR;R$ 5,29;LOJA 22 HIPER NOVA CIDADE;AV MARAGARITA, NRO 1359, NOVA CIDADE, MANAUS-AM, CEP 69097-305
CHA MATE NAT C/ ACUCAR ORGANI C/6 1350ML;R$ 5,33;J CRUZ INDUSTRIA DE BEBIDAS;AV MARIO YPIRANGA, NRO 0001500, ADRIANOPOLIS, MANAUS-AM, CEP 69057-002
ACUCAR COLORIDO LARANJA 500G (10).;R$ 5,45;BOMBONS & CIA;AV BRIGADEIRO HILARIO GURJAO, NRO 100, TANCREDO NEVES, MANAUS-AM, CEP 69087-295
ACUCAR COLORIDO VERDE 500G (10).;R$ 5,45;BOMBONS & CIA;AV BRIGADEIRO HILARIO GURJAO, NRO 100, TANCREDO NEVES, MANAUS-AM, CEP 69087-295
ACUCAR COLORIDO AZUL 500G (10);R$ 5,45;BOMBONS & CIA;AV BRIGADEIRO HILARIO GURJAO, NRO 100, TANCREDO NEVES, MANAUS-AM, CEP 69087-295
ACUCAR COLORIDO AMARELO 500G (10);R$ 5,45;BOMBONS & CIA;AV BRIGADEIRO HILARIO GURJAO, NRO 100, TANCREDO NEVES, MANAUS-AM, CEP 69087-295
ACUCAR CONF.SNOW SUGAR MAVALERIO.;R$ 5,49;BARATAO DA CARNE - C.DEUS;AV NOSSA SENHORA DA CONCEICAO (C DEUS), NRO 1326, JORGE TEIXEIRA, NAO INFORMADO, MANAUS-AM, CEP 69099-852
BISC CHAMP BAUDU ACUCAR FINO 150GR;R$ 5,49;LOJA 22 HIPER NOVA CIDADE;AV MARAGARITA, NRO 1359, NOVA CIDADE, MANAUS-AM, CEP 69097-305
ACUCAR C.ORG.UNIAO;R$ 5,49;MANAUS;AV AUTAZ MIRIM, NRO 3330, ZUMBI DOS PALMARES, MANAUS-AM, CEP 69084-005
DELVALLE NECTAR UVA S/ACUCAR 1L;R$ 5,50;MERCADINHO JAPONES;RUA MANOEL MARQUES DE SOUZA, NRO 242, PARQUE DEZ, MANAUS-AM, CEP 69055-240
ACUCAR DE CONFEITERO ITAIQUARA 1KG;R$ 5,50;KARITA FRIOS;AV BRIGADEIRO HILARIO GURJAO, NRO 2093, JORGETEIXEIRA, NAO INFORMADO, MANAUS-AM, CEP 69088-130
DELVALLE NECTAR PESSEGO S/ACUCAR 1LT;R$ 5,50;MERCADINHO JAPONES;RUA MANOEL MARQUES DE SOUZA, NRO 242, PARQUE DEZ, MANAUS-AM, CEP 69055-240
ACUCAR UNIAO NATURAL;R$ 5,59;SUPERATACADO NOVA ERA;AV. ARQUITETO J.H.B. RODRIGUES, NRO 3760, MONTE DAS OLIVEIRAS, MANAUS-AM, CEP 69093-149
ACUCAR DEMERARA NAT UNIAO 1KG;R$ 5,59;BIG AMIGAO F4;RUA FRANCISCA MENDES, NRO 2360, CIDADE DE DEUS, NAO INFORMADO, MANAUS-AM, CEP 69099-345
ACUCAR MASCAVO ORGANICO 205G NATIVE;R$ 5,60;SUPERMERCADO NOVA CIDADE;MARGARITA, NRO 35, CIDADE NOVA, MANAUS-AM, CEP 69097-207
BALA POCKET MILK RICLAN ZERO ACUCAR;R$ 5,60;FARMABEM;AV NOEL NUTELS, NRO 67, CIDADE NOVA, NUCLEO 13, MANAUS-AM, CEP 69094-710
BANANA PASSA S GLUTEM E S ACUCAR 86G OUTROS;R$ 5,75;PANIFICADORA ELIZA - 2320;AV . HUMBERTO CALDERARO FILHO, NRO 020, ADRIANOPOLIS, MANAUS-AM, CEP 69000-000
ACUCAR CRISTAL ORG NATIVE CLARO 1KG;R$ 5,79;CDL ATACK FILIAL FLORES;AV. MAX TEIXEIRA, NRO 1878, FLORES, NAO INFORMADO, MANAUS-AM, CEP 69058-415
ACUCAR IMPALPAVEL HARALD 1KG;R$ 5,80;VITALLI ATACADO;AV. TORQUATO TAPAJOS, NRO 053, FLORES, MANAUS-AM, CEP 69050-830
ACUCAR DEMERARA 1KG NATURALE UNIAO;R$ 5,85;SUPERMERCADO NOVA CIDADE;MARGARITA, NRO 35, CIDADE NOVA, MANAUS-AM, CEP 69097-207
ACUCAR UNIAO G CUBO;R$ 5,89;SUPERATACADAO NOVA ERA LTDA - ZONA LESTE;AV. AUTAZ MIRIM, NRO 9058, JORGE TEIXEIRA, MANAUS-AM, CEP 69088-245
COOKIES C MACA CANELA ZERO ACUCAR 40G        DE:5,90 POR:5,31 ECONOMIA:10,00%;R$ 5,90;DROGARIAS SANTO REMEDIO - MANAUARA;MARIO YPIRANGA, NRO 1300, ADRIANOPOLIS, LOJA 18 A, MANAUS-AM, CEP 69057-002
ACUCAR MASCAVO DACOL;R$ 5,90;MANAUS;AV AUTAZ MIRIM, NRO 3330, ZUMBI DOS PALMARES, MANAUS-AM, CEP 69084-005
ACUCAR CRISTAL ROSA 500G DUAS RODAS;R$ 5,90;TROPICAL SHOPP VIA NORTE;AV. ARQ. JOSE HENRIQUES B. RODRIGUES, NRO 3760, SANTA ETELVINA, NAO INFORMADO, MANAUS-AM, CEP 69093-149
ENERG TNT 0 ACUCAR 269ML;R$ 5,95;SUPERMECADO CEZAR CIA LTDA;RUA 7B, NRO 001, SAO JOSE OPER., MANAUS-AM, CEP 69086-083
ACUCAR CRISTAL VERDE (10UNX500,000G);R$ 5,99;NC VARIEDADES;AV. CRETA,D, QD248-A LT1, NRO 001, NOVA CIDADE, MANAUS-AM, CEP 69097-438
ACUCAR MASCAVO DACOLONIA;R$ 5,99;BARATAO DA CARNE - C.DEUS;AV NOSSA SENHORA DA CONCEICAO (C DEUS), NRO 1326, JORGE TEIXEIRA, NAO INFORMADO, MANAUS-AM, CEP 69099-852
ADOCANTE ZERO ACUCAR STEVITA 80ML            DE:5,99 POR:5,87 ECONOMIA:2,00%;R$ 5,99;DROGARIAS SANTO REMEDIO - DARCI VARGAS;DOUTOR THEOMARIO PINTO DA COSTA, NRO 729, CHAPADA, LJ  04 SIRIO LIBANES, MANAUS-AM, CEP 69050-055
ACUCAR CRIS NATIVE 5;R$ 5,99;SUPERATACADO NOVA ERA;AV. ARQUITETO J.H.B. RODRIGUES, NRO 3760, MONTE DAS OLIVEIRAS, MANAUS-AM, CEP 69093-149
ACUCAR CRISTAL ROSA 10X500G;R$ 5,99;NC VARIEDADES;AV. CRETA,D, QD248-A LT1, NRO 001, NOVA CIDADE, MANAUS-AM, CEP 69097-438
DELL VALLE SEM ACUCAR UVA 1L;R$ 6,00;PANIFICADORA FORA DE HORA E FRIOS;RUA GUAPO, NRO 26, CIDADE NOVA, MANAUS-AM, CEP 69000-000
ACUCAR UNIAO REFINADO 1KG;R$ 6,01;FARMABEM;AV TORQUARTO TAPAJOS, NRO 5550, COL STO ANTONIO, MANAUS-AM, CEP 69093-018
ACUCAR REF UNIAO PREMIUM 1KG;R$ 6,05;36 - MANAUS;AV. GEN. RODRIGO OTAVIO 900, NRO 1, BAIRRO JAPIIM, MANAUS-AM, CEP 69077-000
ACUCAR CRISTAL ORGANICO 1KG NATIVE;R$ 6,10;SUPERMERCADO NOVA CIDADE;MARGARITA, NRO 35, CIDADE NOVA, MANAUS-AM, CEP 69097-207
ACUCAR COLORIDO MIL CORES LARANJA 500G;R$ 6,25;SUPERMERCADO SAN RUAN LTDA;AV AUTAZ MIRIM, 8007, NRO 8007, TANCREDO NEVES, MANAUS-AM, CEP 69087-215
BISC. CHAMPANHE C/ ACUCAR CRISTAL 150G;R$ 6,25;BAZAR NENNY;R. PAULO LOPES, NRO 182, COROADO II, MANAUS-AM, CEP 69080-340
CHOCOLATE LINEA ZERO ACUCA 30 G MEIO AMARG UN;R$ 6,25;SUPERMERCADO VENEZA;AV TANCREDO NEVES, NRO 915, PARQUE 10, MANAUS-AM, CEP 69054-700
ACUCAR COLORIDO MIL CORES PRETO 500G;R$ 6,25;SUPERMERCADO SAN RUAN LTDA;AV AUTAZ MIRIM, 8007, NRO 8007, TANCREDO NEVES, MANAUS-AM, CEP 69087-215
ACUCAR CRIST NATIVE;R$ 6,29;SUPERATACADO NOVA ERA;AV. TORQUATO TAPAJOS, NRO 2871, DA PAZ, MANAUS-AM, CEP 69048-010
ACUCAR COLORIDO MIL CORES AZUL 500GR;R$ 6,35;CDL ATACK FILIAL FLORES;AV. MAX TEIXEIRA, NRO 1878, FLORES, NAO INFORMADO, MANAUS-AM, CEP 69058-415
ACUCAR COLORIDO MIL CORES ROSA 500GR;R$ 6,35;CDL ATACK FILIAL FLORES;AV. MAX TEIXEIRA, NRO 1878, FLORES, NAO INFORMADO, MANAUS-AM, CEP 69058-415
ACUCAR COLORIDO MIL CORES VERDE 500GR;R$ 6,35;CDL ATACK FILIAL FLORES;AV. MAX TEIXEIRA, NRO 1878, FLORES, NAO INFORMADO, MANAUS-AM, CEP 69058-415
ACUCAR COLORIDO MIL CORES VERM 500GR;R$ 6,35;CDL ATACK FILIAL FLORES;AV. MAX TEIXEIRA, NRO 1878, FLORES, NAO INFORMADO, MANAUS-AM, CEP 69058-415
ACUCAR MIL CORES 500;R$ 6,39;SUPERATACADO NOVA ERA;AV. ARQUITETO J.H.B. RODRIGUES, NRO 3760, MONTE DAS OLIVEIRAS, MANAUS-AM, CEP 69093-149
ACUCAR CONFEITEIRO BRETZKE 500;R$ 6,45;SUPERMECADO CEZAR CIA LTDA;RUA 7B, NRO 001, SAO JOSE OPER., MANAUS-AM, CEP 69086-083
ACUCAR UNIAO 1KG NATURALE DEME;R$ 6,49;CASA DE CARNE OTAVIO;RUA SAO EUSEBIO, NRO 219, TERRA NOVA, MANAUS-AM, CEP 69093-820
ACUCAR MASCAVO BETHE TEMPEROS;R$ 6,49;BARATAO DA CARNE - HIP;RUA DOS ACAIZEIROS, NRO 1490, GILBERTO MESTRINHO, NAO INFORMADO, MANAUS-AM, CEP 69086-666
POTE ROSCA DEC ACUCAR 6400;R$ 6,49;VARIEDADES SALMO 91;AV AUTAZ MIRIM, NRO 042, SAO JOSE OPERARIO, NAO INFORMADO, MANAUS-AM, CEP 69085-000
POTE ROSCA DEC ACUCAR 6400;R$ 6,49;SALMO 91 - CIDADE DE DEUS;AV. AUTAZ MIRIM, NRO 10495, CIDADE DE DEUS, NAO INFORMADO, MANAUS-AM, CEP 69088-785
ACUCAR UNIAO ORGANICO SC 1KG;R$ 6,49;SUPERMERCADO JUMA 2;RUA CARIRE, NRO 42, NOVO ALEIXO, MANAUS-AM, CEP 69098-000
POTE ACUCAR PLASUTIL;R$ 6,50;MANAUS;AV AUTAZ MIRIM, NRO 3330, ZUMBI DOS PALMARES, MANAUS-AM, CEP 69084-005
ACUCAR CONF. IMPALPAVEL 1KG HARALD;R$ 6,50;KARITA FRIOS;AV BRIGADEIRO HILARIO GURJAO, NRO 2093, JORGETEIXEIRA, NAO INFORMADO, MANAUS-AM, CEP 69088-130
ACUCAR MASCAVO 500G DACOLONIA;R$ 6,50;SUPERMERCADO NOVA CIDADE;MARGARITA, NRO 35, CIDADE NOVA, MANAUS-AM, CEP 69097-207
ACUCAR UNIAO 1KG ORGANICO CRISTAL;R$ 6,50;SUPERMERCADO RODRIGUES;AV AUTAZ MIRIM, NRO 7451, TANCREDO NEVES, NAO INFORMADO, MANAUS-AM, CEP 69085-000
ACUCAR DE CONFEITEIRO HARALD;R$ 6,65;SUPERMERCADO SAN RUAN LTDA;AV AUTAZ MIRIM, 8007, NRO 8007, TANCREDO NEVES, MANAUS-AM, CEP 69087-215
ACUCAR MASCAVO NATIVE ORG 250G;R$ 6,69;LOJA 19 SUPER PQ.DEZ;RUA LINDON JOHNSON, NRO 100, PQ.DEZ, MANAUS-AM, CEP 69054-700
ACUCAR UNIA 1KG NATU;R$ 6,69;CASA DE CARNE OTAVIO;RUA PADRE JOAO RIBEIRO, NRO 110, CANARANAS, MANAUS-AM, CEP 69097-000
ACUCAR CONF 500G;R$ 6,69;CASA DE CARNE OTAVIO;RUA PADRE JOAO RIBEIRO, NRO 110, CANARANAS, MANAUS-AM, CEP 69097-000
ACUCAR MASCAVO ORGAN;R$ 6,70;FINO CORTE - ALEIXO;AVENIDA ANDRE ARAUJO, NRO 075, ALEIXO, MANAUS-AM, CEP 69060-000
ACUCAR UNIAO 1KG NATURALLE DEMERARA;R$ 6,75;SUPERMERCADO RESENDE;RUA ALMERON CAMINHA, NRO S/N, PETROPOLIS, MANAUS-AM, CEP 69067-200
ACUCAR ORGANICO DEMERARA NATIVE 1KG;R$ 6,89;Loja 122 - Manaus;AV AUTAZ MIRIM, NRO 8755, NOVO ALEIXO, MANAUS-AM, CEP 69099-045
BISC CHAMP ACUCAR CR;R$ 6,90;CAMPEAO SUPERMERCADOS LTDA;RUA JOAO PAULO I, NRO 001, ALVORADA, MANAUS-AM, CEP 69043-000
ACUCAR CONFEITEIRO 1KG HARALD;R$ 6,90;FRIOS E CIA MATRIZ;AV BRIGADEIRO HILARIO GURJAO, NRO 397, TANCREDO NEVES I, MANAUS-AM, CEP 69014-010
ACUCAR BRETZKE 500G;R$ 6,95;SUPERMERCADO NOVA CIDADE;MARGARITA, NRO 35, CIDADE NOVA, MANAUS-AM, CEP 69097-207
ACUCAR DEMERARA NATURALE UNIAO;R$ 6,99;BARATAO DA CARNE - C.DEUS;AV NOSSA SENHORA DA CONCEICAO (C DEUS), NRO 1326, JORGE TEIXEIRA, NAO INFORMADO, MANAUS-AM, CEP 69099-852
ACUCAR CRISTAL NATIVE ORG GERADO 1KG;R$ 6,99;SM VITORIA;AVENIDA TORQUATO TAPAJO, NRO 5200, FLORES, MANAUS-AM, CEP 69058-860
ACUCAR MASCAVO ORG.DACOLONIA;R$ 6,99;BARATAO DA CARNE - TORQ;AV TORQUATO TAPAJOS, NRO 1852, FLORES, NAO INFORMADO, MANAUS-AM, CEP 69058-830
ACUCAR NATURALE DEMERARA UNIAO;R$ 6,99;MERCADINHO ADAO EVA;RUA PROFESSORA RAIMUNDA MAGALHAES, NRO 103, COROADO II, MANAUS-AM, CEP 69080-271
ACUCAR DE CONFEITEIRO IMPALPAVEL 1KG UN;R$ 7,00;BAR E MERCEARIA AQUARIOS;RUA SARAH KUBITSCHEK, NRO 007, COLONIA SANTO ANTONIO, MANAUS-AM, CEP 69093-270
ACUCAR NATIVE ORG DEMERARA DOUR 1KG;R$ 7,05;CDL ATACK FILIAL FLORES;AV. MAX TEIXEIRA, NRO 1878, FLORES, NAO INFORMADO, MANAUS-AM, CEP 69058-415
CHA MATE NATURAL SACUCAR 900ML;R$ 7,10;LOJA 09 HIPER DB DISTRITO;AV RODRIGO OTAVIO, NRO 3810, JAPIIM, MANAUS-AM, CEP 69077-900
ACUCAR NATIVE CRISTAL 250 G SACHE ORGA UN;R$ 7,11;SUPERMERCADO VENEZA;AV TANCREDO NEVES, NRO 915, PARQUE 10, MANAUS-AM, CEP 69054-700
ACUCAR POWER ONE COCO 100G;R$ 7,13;LOJA 01 HIPER PARAIBA;AV JORN. HUMBERTO C FILHO, NRO 1128, ADRIANOPOLIS, MANAUS-AM, CEP 69057-021
ACUCAR MASCAVO DACOL;R$ 7,15;IALA COMERCIO DE PROD.ALI. E MAT ESC. E ESCRI LTDA - ME;RUA GENERAL CARNEIRO, NRO 536, SAO FRANCISCO[, MANAUS-AM, CEP 69079-020
ACUCAR ORGANIC CRISTAL 1 KG UN;R$ 7,16;SUPERMERCADO VENEZA;AV TANCREDO NEVES, NRO 915, PARQUE 10, MANAUS-AM, CEP 69054-700
CHA MATE NATURAL LIMAO SACUCAR 900;R$ 7,22;LOJA 22 HIPER NOVA CIDADE;AV MARAGARITA, NRO 1359, NOVA CIDADE, MANAUS-AM, CEP 69097-305
ACUCAR UNIAO ORG CRISTAL 1KG;R$ 7,30;MERCADINHO JAPONES;RUA MANOEL MARQUES DE SOUZA, NRO 242, PARQUE DEZ, MANAUS-AM, CEP 69055-240
BISC WAFER CHOCOLATE ZERO ACUCAR 115G;R$ 7,33;DROGARIAS SANTO REMEDIO - AVENIDA DAS TORRES;GOVERNADOR JOSE LINDOSO, NRO 3588, NOVO ALEIXO, LOTEAM AGUAS CLARAS, MANAUS-AM, CEP 69058-600
BISC WAFER MORANGO ZERO ACUCAR 115G;R$ 7,33;DROGARIAS SANTO REMEDIO - TORQUATO TAPAJOS;AVE TORQUATO TAPAJOS, NRO 4160, FLORES, A, MANAUS-AM, CEP 69048-971
ACUCAR DEMERARA ORGANICO 1KG NATIVE;R$ 7,35;SUPERMERCADO NOVA CIDADE;MARGARITA, NRO 35, CIDADE NOVA, MANAUS-AM, CEP 69097-207
ACUCAR MASCAVO JASMI;R$ 7,39;CARREFOUR;AV DJALMA BATISTA 276 FLORES, NRO 276, FLORES, MANAUS-AM, CEP 69050-010
ACUCAR UNIAO NATURALE DEMERARA 1 KG;R$ 7,40;M A LAURENTINO BARRETO - ME;AVE PRAIA DO FUTURO LT 5 QD 17 - RES RIO SOLIMOES, NRO 005, TARUMA, MANAUS-AM, CEP 69041-400
TNT ENERGY DRINK C ACUCAR 269ML;R$ 7,42;FARMABEM;RUA NOEL NUTLES, NRO 22, CIDADE NOVA, MANAUS-AM, CEP 69093-770
ACUCAR ORGANICO NATIVE CRISTAL 1KG;R$ 7,45;MERCADINHO JAPONES;RUA MANOEL MARQUES DE SOUZA, NRO 242, PARQUE DEZ, MANAUS-AM, CEP 69055-240
ACUCAR CRISTAL ORGANICO UNIAO;R$ 7,49;BARATAO DA CARNE - HIP;RUA DOS ACAIZEIROS, NRO 1490, GILBERTO MESTRINHO, NAO INFORMADO, MANAUS-AM, CEP 69086-666
CAPPUCCINO LINEA ZERO ACUCAR 180GR;R$ 7,49;CDL ATACK FILIAL FLORES;AV. MAX TEIXEIRA, NRO 1878, FLORES, NAO INFORMADO, MANAUS-AM, CEP 69058-415
ENERGETICO TNT SEM ACUCAR 269ML;R$ 7,50;LOJAS AMPM;VALERIO BOTELHO DE ANDRADE, NRO 284, SAO FRANCISCO, LOJA 02, MANAUS-AM, CEP 69079-260
ACUCAR DE CONFEITEIRO 10X1KG;R$ 7,50;NC VARIEDADES;AV. CRETA,D, QD248-A LT1, NRO 001, NOVA CIDADE, MANAUS-AM, CEP 69097-438
ACUCAR NATIVE ORGANICO CLARO 1KG;R$ 7,50;SUPERMERCADO RESENDE;RUA ALMERON CAMINHA, NRO S/N, PETROPOLIS, MANAUS-AM, CEP 69067-200
ACUCAR DE CONFEITEIRO 1KG SNOW SUGAR;R$ 7,59;GRUPO QUEIROZ;AV PROFESSOR NILTON LINS, NRO SN, FLORES, MANAUS-AM, CEP 69058-030
CHA VERDE NATURAL GRANB SACUCAR 90;R$ 7,65;LOJA 06 HIPER C.NOVA;AV NOEL NUTELS, NRO 1762, CIDADE NOVA, MANAUS-AM, CEP 69095-770
CHA BCO HIBISCUS NATURAL SACUCAR 9;R$ 7,65;LOJA 01 HIPER PARAIBA;AV JORN. HUMBERTO C FILHO, NRO 1128, ADRIANOPOLIS, MANAUS-AM, CEP 69057-021
ACUCAR DEMERARA UNIAO 1K;R$ 7,65;MERCADINHO ESPERANCA;AV JURUNAS, NRO 20, CIDADE NOVA, MANAUS-AM, CEP 69090-295
BISC WAFER LOWCUCAR ZER ACUCAR CHOC 115G;R$ 7,68;FARMABEM;R DO COMERCIO, NRO 01, PARQUE DEZ, CONJ CASTELO BRANCO, MANAUS-AM, CEP 69055-000
ACUCAR MASCAVO 500G;R$ 7,69;CASA DE CARNE OTAVIO;RUA PADRE JOAO RIBEIRO, NRO 110, CANARANAS, MANAUS-AM, CEP 69097-000
ACUCAR ORG NATIVE CL;R$ 7,69;CARREFOUR;AV DJALMA BATISTA 276 FLORES, NRO 276, FLORES, MANAUS-AM, CEP 69050-010
ACUCAR CRISTAL NATIV;R$ 7,69;CARREFOUR;AV DJALMA BATISTA 276 FLORES, NRO 276, FLORES, MANAUS-AM, CEP 69050-010
ACUCAR MASCAVO DACOLONIA 500G;R$ 7,69;SUPERMERCADO VIDAL;AVENIDA FRANCISCO QUEIROZ, NRO 39, CIDADE NOVA, MANAUS-AM, CEP 69093-000
TNT ENERGY DRINK S ACUCAR 269ML;R$ 7,72;FARMABEM;AV TORQUATO TAPAJOS, NRO 5252, FLORES, MANAUS-AM, CEP 69058-830
CACAU PO SOL M TERRA S/ACUCAR 100GR;R$ 7,75;CDL ATACK FILIAL FLORES;AV. MAX TEIXEIRA, NRO 1878, FLORES, NAO INFORMADO, MANAUS-AM, CEP 69058-415
ACUCAR MASC MARIZA 5;R$ 7,79;SUPERATACADAO NOVA ERA LTDA - ZONA LESTE;AV. AUTAZ MIRIM, NRO 9058, JORGE TEIXEIRA, MANAUS-AM, CEP 69088-245
ENERGETICO TNT ZERO ACUCA 269 ML UN;R$ 7,80;SUPERMERCADO VENEZA;AV TANCREDO NEVES, NRO 915, PARQUE 10, MANAUS-AM, CEP 69054-700
CACAU EM PO S ACUCAR MAE TERRA 100G;R$ 7,89;SUPERMERCADO VIDAL;AVENIDA FRANCISCO QUEIROZ, NRO 39, CIDADE NOVA, MANAUS-AM, CEP 69093-000
ACUCAR DE CONFEITEIRO 1KG - ARCOPAN;R$ 7,90;CASA DOS PANIFICADORES;AVENIDA AUTAZ MIRIM, NRO 7360, TANCREDO NEVES, NAO INFORMADO, MANAUS-AM, CEP 69087-215
ACUCAR IMPALPAVEL (10UNX1,000KG);R$ 7,90;NC VARIEDADES;AV. CRETA,D, QD248-A LT1, NRO 001, NOVA CIDADE, MANAUS-AM, CEP 69097-438
ACUCAR NATIVE CRISTAL 1KG ORGANICO UN;R$ 7,92;SUPERMERCADO VENEZA;AV TANCREDO NEVES, NRO 915, PARQUE 10, MANAUS-AM, CEP 69054-700
CACAU PO MAE TERRA SACUCAR 100G;R$ 7,97;LOJA 01 HIPER PARAIBA;AV JORN. HUMBERTO C FILHO, NRO 1128, ADRIANOPOLIS, MANAUS-AM, CEP 69057-021
GRANOLA FRUTAS E MEL S/ ACUCAR;R$ 7,99;BARATAO DA CARNE - TORQ;AV TORQUATO TAPAJOS, NRO 1852, FLORES, NAO INFORMADO, MANAUS-AM, CEP 69058-830
ACUCAR UNIAO 1KG NATURALE DEMERADA;R$ 7,99;SUPERMERCADO RODRIGUES;AV AUTAZ MIRIM, NRO 7451, TANCREDO NEVES, NAO INFORMADO, MANAUS-AM, CEP 69085-000
ACUCAR MASCAVO SANTO;R$ 7,99;CARREFOUR;AV DJALMA BATISTA 276 FLORES, NRO 276, FLORES, MANAUS-AM, CEP 69050-010
HELMILAB 20MG S/ACUCAR FR 30ML;R$ 8,08;FARMACIAS PAGUE MENOS;AV TANCREDO NEVES, NRO 1066, PARQUE 10 DE NOVEMBR, CJ N FRIBURGO, MANAUS-AM, CEP 69054-040
ACUCAR MASCAVO MINAMEL 500G;R$ 8,15;SUPERMECADO CEZAR CIA LTDA;RUA 7B, NRO 001, SAO JOSE OPER., MANAUS-AM, CEP 69086-083
ACUCAR CONFEITEIRO MAVALERIO 1KG;R$ 8,25;CASA DO TRIGO;RUA 143 Q. 309, NRO 005, CIDADE NOVA 2, NUCLEO 09, MANAUS-AM, CEP 69097-720
ACUCAR ORG NATIVE 1KG;R$ 8,25;Frigorifico Amazonas;RUA VASCO VASQUES, 1336, NRO 1336, PARQUE 10 DE NOVEMBRO, MANAUS-AM, CEP 69093-000
ACUCAR UNIAO NATURALE 1KG;R$ 8,30;MERCADINHO JAPONES;RUA MANOEL MARQUES DE SOUZA, NRO 242, PARQUE DEZ, MANAUS-AM, CEP 69055-240
ACUCAR CONFEITEIRO SNOW SUGAR 1KG;R$ 8,35;SUPERMERCADO SAN RUAN LTDA;AV AUTAZ MIRIM, 8007, NRO 8007, TANCREDO NEVES, MANAUS-AM, CEP 69087-215
FLOCOS MILHO MAE TERRA SACUCAR 150;R$ 8,48;LOJA 01 HIPER PARAIBA;AV JORN. HUMBERTO C FILHO, NRO 1128, ADRIANOPOLIS, MANAUS-AM, CEP 69057-021
ACUCAR ORG DEMERARA NATIVE 1KG;R$ 8,49;SM VITORIA;AVENIDA TORQUATO TAPAJO, NRO 5200, FLORES, MANAUS-AM, CEP 69058-860
ACUCAR LIGHT MAGRO 5;R$ 8,50;IALA COMERCIO DE PROD.ALI. E MAT ESC. E ESCRI LTDA - ME;RUA GENERAL CARNEIRO, NRO 536, SAO FRANCISCO[, MANAUS-AM, CEP 69079-020
ACUCAR DEMERARA DAMAGRINHA 500G;R$ 8,50;MERCADINHO JAPONES;RUA MANOEL MARQUES DE SOUZA, NRO 242, PARQUE DEZ, MANAUS-AM, CEP 69055-240
ACAI NO PONTO PET 300 ML ZERO ACUCA UN;R$ 8,55;SUPERMERCADO VENEZA;AV TANCREDO NEVES, NRO 915, PARQUE 10, MANAUS-AM, CEP 69054-700
3108 VULT ESMALTE 05 ACUCAR MASCAVO 5F 1415;R$ 8,59;COMEPI NORTE SHOPPING;AV. NOEL NUTELS, NRO 1762, CIDADE NOVA, MANAUS-AM, CEP 69095-000
ACUCAR ORGANICO DEMERARA BIODINAMICO 1KG;R$ 8,70;MERCADINHO JAPONES;RUA MANOEL MARQUES DE SOUZA, NRO 242, PARQUE DEZ, MANAUS-AM, CEP 69055-240
ACUCAR DEMERARA ORGA;R$ 8,75;FINO CORTE - ALEIXO;AVENIDA ANDRE ARAUJO, NRO 075, ALEIXO, MANAUS-AM, CEP 69060-000
ACUCAR DEMERARA NATIV ORG 1KG;R$ 8,79;Emporio DiGrano;AV DESEMBARGADOR JOAO MACHADO, NRO 13, PLANALTO, MANAUS-AM, CEP 69044-000
ACUCAR CONF. SNOW;R$ 8,90;A L FRIOS;RUA DAS PEROLAS, NRO 587, TANCREDO NEVES, MANAUS-AM, CEP 69087-054
ACUCAR NATIVE ORGANICO DOURADO 1KG;R$ 8,90;SUPERMERCADO RESENDE;RUA ALMERON CAMINHA, NRO S/N, PETROPOLIS, MANAUS-AM, CEP 69067-200
ACUCAR MAGRO LIGHT R;R$ 8,95;SUPERMERCADO NOVA CIDADE;MARGARITA, NRO 35, CIDADE NOVA, MANAUS-AM, CEP 69097-207
POTE PLASUTIL DEC ACUCAR 1 8L 6400;R$ 8,96;LOJA 06 HIPER C.NOVA;AV NOEL NUTELS, NRO 1762, CIDADE NOVA, MANAUS-AM, CEP 69095-770
CEREAL FLOC ACUCAR V;R$ 8,99;CARREFOUR;AV DJALMA BATISTA 276 FLORES, NRO 276, FLORES, MANAUS-AM, CEP 69050-010
ACUCAR CONF.ARCOLOR;R$ 9,00;A L FRIOS;RUA DAS PEROLAS, NRO 587, TANCREDO NEVES, MANAUS-AM, CEP 69087-054
BISC CHAMPANHE BAUDUCCO C/ACUCAR CRISTAL 150G;R$ 9,25;MERCADINHO JAPONES;RUA MANOEL MARQUES DE SOUZA, NRO 242, PARQUE DEZ, MANAUS-AM, CEP 69055-240
ACUCAR ORG DEMERARA;R$ 9,29;CARREFOUR;AV DJALMA BATISTA 276 FLORES, NRO 276, FLORES, MANAUS-AM, CEP 69050-010
ACUCAR CONF SNOW SUG;R$ 9,49;SUPERATACADO NOVA ERA;AV. ARQUITETO J.H.B. RODRIGUES, NRO 3760, MONTE DAS OLIVEIRAS, MANAUS-AM, CEP 69093-149
ACUCAR NATIVE DEMERARA 1KG ORGANICO UN;R$ 9,56;SUPERMERCADO VENEZA;AV TANCREDO NEVES, NRO 915, PARQUE 10, MANAUS-AM, CEP 69054-700
ACUCAR DEMERARA ORGANICO;R$ 9,80;Emporio DiGrano;AV DESEMBARGADOR JOAO MACHADO, NRO 13, PLANALTO, MANAUS-AM, CEP 69044-000
ACUCAR MASCAVO MAIS;R$ 9,90;CARREFOUR;AV JORNALISTA HUMBERTO CALDERARO FILHO 203, NRO 203, ADRIANOPOLIS, MANAUS-AM, CEP 69057-015
ACUCAR MAGRO LIGHT 500G;R$ 9,98;Emporio DiGrano;AV DESEMBARGADOR JOAO MACHADO, NRO 13, PLANALTO, MANAUS-AM, CEP 69044-000
ACUCAR LIGHT;R$ 9,99;SUPER JB;AVE BARAO DO RIO BRANCO, NRO 015, FLORES, MANAUS-AM, CEP 69058-581
ACUCAR MASC CAMPIL 500G;R$ 9,99;LOJA 01 HIPER PARAIBA;AV JORN. HUMBERTO C FILHO, NRO 1128, ADRIANOPOLIS, MANAUS-AM, CEP 69057-021
ACUCAR MASCAVO MAIS VIDA 1KG;R$ 9,99;CDL ATACK FILIAL FLORES;AV. MAX TEIXEIRA, NRO 1878, FLORES, NAO INFORMADO, MANAUS-AM, CEP 69058-415
ACUCAR MASCAVO MAE TERRA;R$ 9,99;BARATAO DA CARNE - C.DEUS;AV NOSSA SENHORA DA CONCEICAO (C DEUS), NRO 1326, JORGE TEIXEIRA, NAO INFORMADO, MANAUS-AM, CEP 69099-852
CANELA COM ACUCAR;R$ 10,00;MR. PRETZELS;AV MARIO YPIRANGA, NRO 1300, ADRIANOPOLIS, MANAUS-AM, CEP 69057-002
CANELA COM ACUCAR;R$ 10,00;MR. PRETZELS;AV CEL TEIXEIRA, NRO 5705, PONTA NEGRA, MANAUS-AM, CEP 69037-000
ACUCAR MAS SABOR ALTERNATIVO ORGANICO 500 G UN;R$ 10,03;SUPERMERCADO VENEZA;AV TANCREDO NEVES, NRO 915, PARQUE 10, MANAUS-AM, CEP 69054-700
FLOCOS MILHO MAE TERRA CACUCAR 200;R$ 10,37;LOJA 01 HIPER PARAIBA;AV JORN. HUMBERTO C FILHO, NRO 1128, ADRIANOPOLIS, MANAUS-AM, CEP 69057-021
ACUCAR REF GRAN ARO SCH 400X5G;R$ 10,65;36 - MANAUS;AV. GEN. RODRIGO OTAVIO 900, NRO 1, BAIRRO JAPIIM, MANAUS-AM, CEP 69077-000
ACUCAR NATIVE MASCAVO 250 G ORGANICO UN;R$ 10,91;SUPERMERCADO VENEZA;AV TANCREDO NEVES, NRO 915, PARQUE 10, MANAUS-AM, CEP 69054-700
ACHOC.PO ZERO ACUCAR LINEA;R$ 10,99;BARATAO DA CARNE - C.DEUS;AV NOSSA SENHORA DA CONCEICAO (C DEUS), NRO 1326, JORGE TEIXEIRA, NAO INFORMADO, MANAUS-AM, CEP 69099-852
ACAI ZERO ACUCAR NO;R$ 10,99;CARREFOUR;AV DJALMA BATISTA 276 FLORES, NRO 276, FLORES, MANAUS-AM, CEP 69050-010
ACUCAR MASCAVO LIGHT;R$ 11,00;IALA COMERCIO DE PROD.ALI. E MAT ESC. E ESCRI LTDA - ME;RUA GENERAL CARNEIRO, NRO 536, SAO FRANCISCO[, MANAUS-AM, CEP 69079-020
BANANA COM ACUCAR;R$ 11,00;MR. PRETZELS;AV CEL TEIXEIRA, NRO 5705, PONTA NEGRA, MANAUS-AM, CEP 69037-000
COCO COM ACUCAR;R$ 11,00;MR. PRETZELS;AV CEL TEIXEIRA, NRO 5705, PONTA NEGRA, MANAUS-AM, CEP 69037-000
COCO COM ACUCAR;R$ 11,00;MR. PRETZELS;AV MARIO YPIRANGA, NRO 1300, ADRIANOPOLIS, MANAUS-AM, CEP 69057-002
BANANA COM ACUCAR;R$ 11,00;MR. PRETZELS;AV MARIO YPIRANGA, NRO 1300, ADRIANOPOLIS, MANAUS-AM, CEP 69057-002
CAPPUCCINO ZERO ACUCAR LINEA 180G;R$ 11,30;MERCADINHO JAPONES;RUA MANOEL MARQUES DE SOUZA, NRO 242, PARQUE DEZ, MANAUS-AM, CEP 69055-240
ACUCAR ORGANIC MASCAVO 500 G UN;R$ 11,31;SUPERMERCADO VENEZA;AV TANCREDO NEVES, NRO 915, PARQUE 10, MANAUS-AM, CEP 69054-700
ACUCAR MAGRO LIGHT 5;R$ 11,39;SUPERATACADO NOVA ERA;AV. TORQUATO TAPAJOS, NRO 2871, DA PAZ, MANAUS-AM, CEP 69048-010
GRANOLA MT FTASMEL SACUCAR 250G;R$ 11,44;LOJA 11 SUPER G.CIRCULAR;AV AUTAZ MIRIM, NRO 6004, SAO JOSE, MANAUS-AM, CEP 69085-000
ACUCAR MASCAVO PETRY 400G;R$ 11,49;SM VITORIA;AVENIDA TORQUATO TAPAJO, NRO 5200, FLORES, MANAUS-AM, CEP 69058-860
ACUCAR MASCAVO MAGRO C/STEVIA 400G;R$ 11,50;SUPERMERCADO RESENDE;RUA ALMERON CAMINHA, NRO S/N, PETROPOLIS, MANAUS-AM, CEP 69067-200
ACUCAR MAGRO LIGHT RF 500GR;R$ 11,90;CDL ATACK FILIAL FLORES;AV. MAX TEIXEIRA, NRO 1878, FLORES, NAO INFORMADO, MANAUS-AM, CEP 69058-415
ACUCAR MASCAVO;R$ 11,90;Emporio DiGrano;AV DESEMBARGADOR JOAO MACHADO, NRO 13, PLANALTO, MANAUS-AM, CEP 69044-000
ACUCAR FIT 400G;R$ 11,95;MERCADINHO ESPERANCA;AV JURUNAS, NRO 20, CIDADE NOVA, MANAUS-AM, CEP 69090-295
ACUCAR MASCAVO CLARO;R$ 12,00;ACB PRODUTOS NATURAIS;RUA OURO PRETO, NRO 502, COROADO, MANAUS-AM, CEP 69082-660
ACUCAR ORGANICO MASCAVO JASMINE 500G;R$ 12,35;MERCADINHO JAPONES;RUA MANOEL MARQUES DE SOUZA, NRO 242, PARQUE DEZ, MANAUS-AM, CEP 69055-240
ACUCAR MASCAVO;R$ 12,49;SUPER JB;AVE BARAO DO RIO BRANCO, NRO 015, FLORES, MANAUS-AM, CEP 69058-581
ACUCAR DEMERARA 400G;R$ 12,75;IALA COMERCIO DE PROD.ALI. E MAT ESC. E ESCRI LTDA - ME;RUA GENERAL CARNEIRO, NRO 536, SAO FRANCISCO[, MANAUS-AM, CEP 69079-020
KIT ORAL B CR DENT ANTI ACUCAR LV3P;R$ 12,90;LOJA 02 SUPER SAO JOSE;ALD COSME FERREIRA, NRO 4605, SAO JOSE, LJ 70, MANAUS-AM, CEP 69083-000
CEBION 1G S/ACUCAR EFERV CPD/10;R$ 13,34;FARMACIAS PAGUE MENOS;RUA MARECHAL JUNOT, NRO 37, PARQUE 10, -, MANAUS-AM, CEP 69055-747
CEBION 1G SACUCAR 10CPR EFERV;R$ 13,34;FARMABEM;AV MARGARIDA, NRO 1359, NOVA CIDADE, MANAUS-AM, CEP 69035-510
CAFE COM LEITE ZERO ACUCA 265G;R$ 13,50;CALIFORNIA;RUA EZEQUIEL, 81, NRO 81, NOVO ISRAEL, MANAUS-AM, CEP 69039-090
ACUCAR VITALIN MASCAVO 500 G ORGANICO UN;R$ 13,67;SUPERMERCADO VENEZA;AV TANCREDO NEVES, NRO 915, PARQUE 10, MANAUS-AM, CEP 69054-700
ACUCAR FIT JASMINE 4;R$ 13,99;SUPERATACADO NOVA ERA;AV. TORQUATO TAPAJOS, NRO 2871, DA PAZ, MANAUS-AM, CEP 69048-010
ACUCAR LIGHT MAGRO C/STEVIA 50;R$ 13,99;MERCADINHO ADAO EVA;RUA PROFESSORA RAIMUNDA MAGALHAES, NRO 103, COROADO II, MANAUS-AM, CEP 69080-271
IFOOD B. LEITE EM PO C/MORANGOS 0%ACUCAR 100G;R$ 14,90;AMOR AOS PEDACOS MANAUS;AV MARIO YPIRANGA, NRO 1300, ADRIANOPOLIS, LJ 295, MANAUS-AM, CEP 69057-002
ACUCAR MASCAVO NATUS;R$ 14,90;CIDADE NOVA;AV MAX TEIXEIRA, NRO 3856, CIDADE NOVA, MANAUS-AM, CEP 69090-002
BANANA FRITA ACUCAR E CANELA - CREME DE LEITE;R$ 14,90;Ribeirinho Peixes da Amazonia;AV. AUTAZ MIRIM, NRO 248, DISTRITO INDUSTRIAL I, MANAUS-AM, CEP 69075-155
ACUCAR MASCAVO YOKI 1KG;R$ 14,95;MERCADINHO E ACOUGUE SAO JOSE;RUA JANAUACA, NRO 77, SAO JOSE OPERARIO, MANAUS-AM, CEP 69085-240
ACUCAR LOWCUCAR MAGRO 500 G UN;R$ 15,06;SUPERMERCADO VENEZA;AV TANCREDO NEVES, NRO 915, PARQUE 10, MANAUS-AM, CEP 69054-700
CREM AVELA LINEA ZERO ACUCA 150 G C/ CACAU UN;R$ 15,36;SUPERMERCADO VENEZA;AV TANCREDO NEVES, NRO 915, PARQUE 10, MANAUS-AM, CEP 69054-700
ACUCAR MASCAVO JASMINE OR 500G;R$ 15,39;LOJA 19 SUPER PQ.DEZ;RUA LINDON JOHNSON, NRO 100, PQ.DEZ, MANAUS-AM, CEP 69054-700
DENTADURA S/ACUCAR 500G (12);R$ 15,45;BOMBONS & CIA;AV BRIGADEIRO HILARIO GURJAO, NRO 100, TANCREDO NEVES, MANAUS-AM, CEP 69087-295
ACUCAR MASCAVO;R$ 15,90;CAMPEAO SUPERMERCADOS LTDA;RUA JOAO PAULO I, NRO 001, ALVORADA, MANAUS-AM, CEP 69043-000
BANANA NA BRASA ACUCAR E CANELA;R$ 15,90;Tambagrill;AV EFIGENIO SALES, NRO 2600, ALEIXO, MANAUS-AM, CEP 69060-020
ACUCAR NATURAL LIFE MASCAVO 1 KG UN;R$ 16,06;SUPERMERCADO VENEZA;AV TANCREDO NEVES, NRO 915, PARQUE 10, MANAUS-AM, CEP 69054-700
ACUCAR MASCAVO MAE TERRA 1KG;R$ 16,33;LOJA 01 HIPER PARAIBA;AV JORN. HUMBERTO C FILHO, NRO 1128, ADRIANOPOLIS, MANAUS-AM, CEP 69057-021
ACUCAR MASCAVO 1K;R$ 16,40;COMERCIAL BOI ZEBU;AV BRIGADEIRO HILLARIO GURJAO, NRO 2607, JORGE TEIXEIRA, MANAUS-AM, CEP 69088-000
GELEIA RITTER ZERO ACUCAR PESSEGO 2;R$ 16,69;LOJA 01 HIPER PARAIBA;AV JORN. HUMBERTO C FILHO, NRO 1128, ADRIANOPOLIS, MANAUS-AM, CEP 69057-021
GELEIA RITTER ZERO ACUCAR GOIABA 26;R$ 16,69;LOJA 01 HIPER PARAIBA;AV JORN. HUMBERTO C FILHO, NRO 1128, ADRIANOPOLIS, MANAUS-AM, CEP 69057-021
BOLO LIGHT SUAVIPAN S/ ACUCAR 250G CHOC TRUFA UN;R$ 16,72;SUPERMERCADO VENEZA;AV TANCREDO NEVES, NRO 915, PARQUE 10, MANAUS-AM, CEP 69054-700
ACUCAR MASCAVO JASMINE PC 1KG;R$ 16,90;CDL ATACK FILIAL FLORES;AV. MAX TEIXEIRA, NRO 1878, FLORES, NAO INFORMADO, MANAUS-AM, CEP 69058-415
ACUCAR MASC 1KG;R$ 16,90;SUPERMERCADO NOVA CIDADE;MARGARITA, NRO 35, CIDADE NOVA, MANAUS-AM, CEP 69097-207
ACUCAR MASCAVO  KG;R$ 16,99;SM VITORIA;AVENIDA TORQUATO TAPAJO, NRO 5200, FLORES, MANAUS-AM, CEP 69058-860
PAO ACUCAR  KG;R$ 16,99;CARREFOUR;AV JORNALISTA HUMBERTO CALDERARO FILHO 203, NRO 203, ADRIANOPOLIS, MANAUS-AM, CEP 69057-015
PAO ACUCAR KG REF 36463;R$ 16,99;LOJA 09 HIPER DB DISTRITO;AV RODRIGO OTAVIO, NRO 3810, JAPIIM, MANAUS-AM, CEP 69077-900
ACUCAR ORG NATIVE DEMERARA KG;R$ 16,99;SM VITORIA;AVENIDA TORQUATO TAPAJO, NRO 5200, FLORES, MANAUS-AM, CEP 69058-860
ACUCAR MASC JAMIN 1K;R$ 17,10;PANIFICADORA BARCELONA;RUA PROF. RAYMUNDA MAGALHAES, NRO 105, COROADO II, MANAUS-AM, CEP 69070-280
ACUCAR DE COCO 150GR;R$ 17,60;HORTIQUALY;AV RIO GUAMA, NRO 497, NOSSA SENHORA DAS GR, MANAUS-AM, CEP 69053-120
0849 BIOSOFT MEL E ACUCAR FRIA CERA 370G 5120;R$ 17,69;COMEPI;AV ALTAZ MIRIM, ETAPA II, NRO 5935, SAO JOSE OPERARIO, MANAUS-AM, CEP 69085-000
10 KG ACUCAR CRISTAL MANAUS (10X1);R$ 17,80;M R Comercio Ltda;RUA DOS ANDRADES N,, NRO 664, CENTRO, MANAUS-AM, CEP 69005-180
10 KG DE ACUCAR DOCE DIA 10X1;R$ 17,80;M R Comercio Ltda;RUA DOS ANDRADES N,, NRO 664, CENTRO, MANAUS-AM, CEP 69005-180
ACUCAR MASCAVO INTEG JASMINE 1;R$ 17,95;SUPERMECADO CEZAR CIA LTDA;RUA 7B, NRO 001, SAO JOSE OPER., MANAUS-AM, CEP 69086-083
ACUCAR JASMINE 1KG MASCAVO UN;R$ 18,07;SUPERMERCADO VENEZA;AV TANCREDO NEVES, NRO 915, PARQUE 10, MANAUS-AM, CEP 69054-700
ACUCAR MASCAVO JASMINE 1KG;R$ 18,49;SUPERMERCADO VIDAL;AVENIDA FRANCISCO QUEIROZ, NRO 39, CIDADE NOVA, MANAUS-AM, CEP 69093-000
ACUCAR MASC JASMINE;R$ 18,99;SUPERATACADAO NOVA ERA LTDA - ZONA LESTE;AV. AUTAZ MIRIM, NRO 9058, JORGE TEIXEIRA, MANAUS-AM, CEP 69088-245
ACUCAR MASCAVO MAIS VIDA 1K PT;R$ 19,29;LOJA 02 SUPER SAO JOSE;ALD COSME FERREIRA, NRO 4605, SAO JOSE, LJ 70, MANAUS-AM, CEP 69083-000
ACUCAR MASCAVO JASMINE 1KG;R$ 22,49;LOJA 19 SUPER PQ.DEZ;RUA LINDON JOHNSON, NRO 100, PQ.DEZ, MANAUS-AM, CEP 69054-700
BISC STUTTG POLVILHADO CACUCAR 250;R$ 23,40;LOJA 01 HIPER PARAIBA;AV JORN. HUMBERTO C FILHO, NRO 1128, ADRIANOPOLIS, MANAUS-AM, CEP 69057-021
ACUCAR MASCAVO ORGANICO;R$ 23,80;Emporio DiGrano;AV DESEMBARGADOR JOAO MACHADO, NRO 13, PLANALTO, MANAUS-AM, CEP 69044-000
GASTROBION GEL 240ML (HERTZ) SEM ACUCAR/CR/;R$ 27,90;A;AV COSME FERREIRA 5966, NRO TEL, ZUMBI, MANAUS-AM, CEP 69084-425
ACUCAR COCO COPRA 35;R$ 28,19;SUPERATACADAO NOVA ERA LTDA - ZONA LESTE;AV. AUTAZ MIRIM, NRO 9058, JORGE TEIXEIRA, MANAUS-AM, CEP 69088-245
GRANOLA MAE TERRA FRUTMEL SACUCAR;R$ 28,37;LOJA 01 HIPER PARAIBA;AV JORN. HUMBERTO C FILHO, NRO 1128, ADRIANOPOLIS, MANAUS-AM, CEP 69057-021
ACUCAR MASCAVO ORGANICO;R$ 30,00;ACB PRODUTOS NATURAIS;RUA OURO PRETO, NRO 502, COROADO, MANAUS-AM, CEP 69082-660
METAMUCIL LAR S ACUCAR 10 SACHES 585 G;R$ 37,57;FARMABEM;AV TORQUATO TAPAJOS, NRO 5252, FLORES, MANAUS-AM, CEP 69058-830
INELATTE ZERO ACUCAR CHOC C 30TABS  ACO      DE:42,95 POR:38,49 ECONOMIA:10,38%;R$ 42,95;FARMACIAS FLEX FARMA - NOVA ERA;TORQUATO TAPAJOS, NRO 1, DA PAZ, MANAUS-AM, CEP 92000-001
CELESTAMINE XPE S ACUCAR 120ML  HPP          DE:43,38 POR:40,34 ECONOMIA:7,01%;R$ 43,38;DROGARIAS SANTO REMEDIO - MANAUARA;MARIO YPIRANGA, NRO 1300, ADRIANOPOLIS, LOJA 18 A, MANAUS-AM, CEP 69057-002
CELESTAMINE XPE S ACUCAR 120ML  HPP          DE:43,38 POR:36,87 ECONOMIA:15,01%;R$ 43,38;DROGARIAS SANTO REMEDIO - ADRIANOPOLIS;ORNALISTA HUMBERTO CALDERARO FILHO, NRO 2310, ADRIANOPOLIS, MANAUS-AM, CEP 69057-015
CELESTAMINE XPE S ACUCAR 120ML  HPP          DE:43,38 POR:35,29 ECONOMIA:18,65%;R$ 43,38;DROGARIA SANTO REMEDIO - CIDADE NOVA I;GUAPO, NRO 68, CIDADE NOVA, Q20, MANAUS-AM, CEP 69090-040
CELESTAMINE XPE S ACUCAR 120ML  HPP          DE:43,38 POR:33,84 ECONOMIA:21,99%;R$ 43,38;DROGARIA FLEX FARMA - TORQUATO;TORQUATO TAPAJOS, NRO 5140, FLORES, PREDIO, MANAUS-AM, CEP 69058-830
CELESTAMINE XPE S ACUCAR 120ML  HPP          DE:43,38 POR:39,53 ECONOMIA:8,88%;R$ 43,38;DROGARIAS SANTO REMEDIO - MANAUARA;MARIO YPIRANGA, NRO 1300, ADRIANOPOLIS, LOJA 18 A, MANAUS-AM, CEP 69057-002
CELESTAMINE XP S/ACUCAR C/120ML (MPC);R$ 43,38;DROGARIAS NAZARE;AV AUTAZ MIRIM, NRO 062, SAO JOSE, TERREO, MANAUS-AM, CEP 69085-000
CELESTAMINE XPE SACUCAR 120ML;R$ 43,38;FARMABEM;AV PENETRACAO 2, NRO 87, JAPIIM, MANAUS-AM, CEP 69077-000
ACUCAR DE COCO KG;R$ 44,99;SM VITORIA;AVENIDA TORQUATO TAPAJO, NRO 5200, FLORES, MANAUS-AM, CEP 69058-860
TAMARINE GELEIA ZERO ACUCAR 150G;R$ 47,90;SB COMERCIO LTDA;AV RODRIGO OTAVIO, NRO 46, JAPIIM, LOJA 03, MANAUS-AM, CEP 69077-970
ACUCAR CRISTAL ITAJA 30X1KG;R$ 49,50;DISTRIBUIDORA MT;AV. BRIGADEIRO HILARIO GURJAO, NRO 251, JORGE TEXEIRA, MANAUS-AM, CEP 69088-000
ACUCAR DOCE DIA 30X1KG;R$ 49,90;IBBY;AV. NOSSA SENHORA DE FATIMA, NRO 129, CIDADE DE DEUS, MANAUS-AM, CEP 69099-251
ACUCR  CULDO OU INOCENTE;R$ 49,90;Mega Manaus;AV MARIO YPIRANGA MONTEIRO, NRO 1300, ADRIANOPOLIS, MANAUS-AM, CEP 69057-002
COCO RALADO S/ACUCAR;R$ 50,00;ARAMAC MERCEARIAS E ARMAZENS EIRELI;RUA CEL FERREIRA DE ARAUJO, NRO 492B, PETROPOLIS, MANAUS-AM, CEP 69063-000
ACUCAR ITAJA 30X1;R$ 50,00;CLEIDE MARIA MOURA CAVALCANTE - ME;AV BRIGADEIRO HILARIO GURJAO, NRO 18, JORGE TEXEIRA, MANAUS-AM, CEP 69088-000
ACUCAR 30*1;R$ 51,00;COMERCIAL ALEX;RUA DOUTOR ARGEMIRO GERMANO, NRO 032, CIDADE NOVA, MANAUS-AM, CEP 69090-742
ACUCAR DOCE DIA /30K [DIVERSOS];R$ 51,00;DIST FORMIGUETE 3 IRMAOS;AV BRIGADEIRO HILARIO GURJAO FONE-33470057, NRO 068, JORGE TEIXEIRA, MANAUS-AM, CEP 69088-000
ACUCAR DOCE DIA 30X1KG [DOCE DIA];R$ 51,80;BOMBONIERE MONACO;AV BRIGADEIRO HILARIO GURJAO, NRO 024, JOREGE TEIXEIRA, MANAUS-AM, CEP 69088-000
ACUCAR CRISTAL ESP. DOCE DIA 30 X 1KG.;R$ 51,90;M R Comercio Ltda;RUA DOS ANDRADES N,, NRO 664, CENTRO, MANAUS-AM, CEP 69005-180
ACULAR LS SOL OFT 04 5ML;R$ 51,91;FARMABEM;AV PENETRACAO 2, NRO 87, JAPIIM, MANAUS-AM, CEP 69077-000
ACULAR LS0,40% FR 5ML/CR/;R$ 51,91;A;RUA DOS ACAIZEIROS 1538, NRO TEL:, GRANDE VITORIA, MANAUS-AM, CEP 69085-000
ACUCAR DOCE DIA C/ 30 PACOTE;R$ 52,00;COMERCIAL BARROSO LEITE;RUA SANTA ANA, NRO 050, TERRA NOVA II, MANAUS-AM, CEP 69093-497
ACUCAR ITAMARATI 30X1KG;R$ 52,90;DISTRIBUIDORA DN;AV BRIGADEIRO HILARIO GURJAO, NRO 275, JORGE TEIXEIRA, MANAUS-AM, CEP 69087-295
ACUCAR DOCE DIA 30X1;R$ 53,00;DISTRIBUIDORA RIO NEGROFILIALMANAUS;AVE ITAUBA, NRO 344, JORGE TEIXEIRA, MANAUS-AM, CEP 69088-240
ACUCAR FD 30X1KG NOSSO DIA;R$ 53,00;DUDAMIX;AV ARQUITETO JOSE HENRIQUES B. RODRIGUES, NRO 018, MONTE DAS OLIVEIRAS, LOJA 04, MANAUS-AM, CEP 69093-149
NSPA OL DES ACUCAR ESF AMEI 200G V2;R$ 55,90;17826GERBERASHOP MANAUARAMANAUS;R PARA, NRO 901, NOSSA SENHORA DAS GRACAS, MANAUS-AM, CEP 69053-070
NSPA OL DES ACUCAR ESF AMEI 200G V2;R$ 55,90;FLORA COMERCIO DE COSMETICOS LTDA;AV JORNALISTA H C FILHO, NRO 203, ADRIANOPOLIS, MANAUS-AM, CEP 69057-021
NSPA OL DES ACUCAR ESF AMEI 200G V2;R$ 55,90;17832VELDAMONTEDASOLIVEIRASMANAUS;AV ARQUITETO JOSE HENRIQUE B RODRIGUES, NRO 3760, MONTE DAS OLIVEIRAS, MANAUS-AM, CEP 69093-149
NSPA OL DES ACUCAR ESF PITAY 200G;R$ 55,90;FLORA COMERCIO DE COSMETICOS LTDA;AV JORNALISTA H C FILHO, NRO 203, ADRIANOPOLIS, MANAUS-AM, CEP 69057-021
NSPA OL DES ACUCAR ESF PITAY 200G;R$ 55,90;17826GERBERASHOP MANAUARAMANAUS;R PARA, NRO 901, NOSSA SENHORA DAS GRACAS, MANAUS-AM, CEP 69053-070
ACUCAR D.DIA FARD/30;R$ 56,00;A L FRIOS;RUA DAS PEROLAS, NRO 587, TANCREDO NEVES, MANAUS-AM, CEP 69087-054
ACUCAR DE COCO;R$ 58,00;Emporio DiGrano;AV DESEMBARGADOR JOAO MACHADO, NRO 13, PLANALTO, MANAUS-AM, CEP 69044-000
TAMARINE GELEIA ZERO ACUCAR 250G  HCH        DE:63,75 POR:52,91 ECONOMIA:17,00%;R$ 63,75;DROGARIAS SANTO REMEDIO - SAO JOSE;AUTAZ MIRIM, NRO 23, SAO JOSE OPERARIO, MANAUS-AM, CEP 69085-000
TAMARINE GELEIA ZERO ACUCAR 250G  HCH        DE:63,75 POR:53,11 ECONOMIA:16,69%;R$ 63,75;DROGARIAS SANTO REMEDIO - ADRIANOPOLIS;ORNALISTA HUMBERTO CALDERARO FILHO, NRO 2310, ADRIANOPOLIS, MANAUS-AM, CEP 69057-015
ACULAR SOL OFT 5 ML;R$ 64,89;FARMACO DROGAS;AV. ARICA, 107, NRO 107, MAUAZINHO, MANAUS-AM, CEP 69075-771
ACULAR COL 5ML;R$ 64,89;FARMACIAS PAGUE MENOS;AV AUTAZ MIRIM, NRO 8234, TANCREDO NEVES, A, MANAUS-AM, CEP 69087-215
ACULAR SOL OFT 0 5 PC C 5ML        ALL       DE:64,89 POR:50,61 ECONOMIA:22,01%;R$ 64,89;DROGARIA FLEX FARMA - TORQUATO;TORQUATO TAPAJOS, NRO 5140, FLORES, PREDIO, MANAUS-AM, CEP 69058-830
ACULAR SOL OFT 0 5 PC C 5ML    ALL    DE:6489 POR:5516 ECONOI:1499;R$ 64,89;DROGARIAS SANTO REMEDIO - ADRIANOPOLIS;ORNALISTA HUMBERTO CALDERARO FILHO, NRO 2310, ADRIANOPOLIS, MANAUS-AM, CEP 69057-015
TAMARINE GELEIA ZERO ACUCAR 250G;R$ 67,57;FARMABEM;AV NOEL NUTELS, NRO 1762, CIDADE NOVA, LOJA 04 E 11, MANAUS-AM, CEP 69020-282
INELATTE ZERO ACUCAR CAPPUC 60TABL;R$ 72,36;FARMABEM;R DO COMERCIO, NRO 01, PARQUE DEZ, CONJ CASTELO BRANCO, MANAUS-AM, CEP 69055-000
HND DIAMOND ENERGY DRINK  ZERO ACUCAR;R$ 75,60;FRAGRANCY & ESSENCE;AUTAZ MIRIM, NRO 288, TANCREDO NEVES, SHOPPING CIDADE LESTE  ANDAR, MANAUS-AM, CEP 69087-215
HND DIAMOND ENERGY DRINK  ZERO ACUCAR;R$ 75,60;R S COMERCIO E PERFUMES;MAX TEIXEIRA, NRO 28, CIDADE NOVA I, ANDAR, MANAUS-AM, CEP 69093-770
CUPUACU & CASTANHA DO BRASIL ACUCAR EM OLEO 500 G;R$ 96,00;LOJA AVATIM MANAUS;MARIO YPIRANGA, NRO 1300, ADRIANOPOLIS, MANAUS-AM, CEP 69057-002
ACULAR LS SOL OFT 0 4 PC C 10ML  ALL         DE:103,78 POR:88,21 ECONOMIA:15,00%;R$ 103,78;DROGARIAS SANTO REMEDIO - JAPIIM;PENETRACAO II, NRO 76, JAPIIM, MANAUS-AM, CEP 69000-000
ACULAR LS 0,4/ COL 10ML;R$ 103,79;FARMACIAS PAGUE MENOS;AV TANCREDO NEVES, NRO 1066, PARQUE 10 DE NOVEMBR, CJ N FRIBURGO, MANAUS-AM, CEP 69054-040
BOLO ABACAXI/COCO 0%ACUCAR FA;R$ 134,00;AMOR AOS PEDACOS MANAUS;AV MARIO YPIRANGA, NRO 1300, ADRIANOPOLIS, LJ 295, MANAUS-AM, CEP 69057-002
BOLO COCADINHA 0%ACUCAR FAT;R$ 134,00;AMOR AOS PEDACOS MANAUS;AV MARIO YPIRANGA, NRO 1300, ADRIANOPOLIS, LJ 295, MANAUS-AM, CEP 69057-002
