CERVEJA ITAIPAVA PILSEN 269ML LT;R$ 1,79;LOJA 01 HIPER PARAIBA;AV JORN. HUMBERTO C FILHO, NRO 1128, ADRIANOPOLIS, MANAUS-AM, CEP 69057-021
CERVEJA ITAIPAVA PILSEN LN 250ML;R$ 1,89;CDL ATACK FILIAL FLORES;AV. MAX TEIXEIRA, NRO 1878, FLORES, NAO INFORMADO, MANAUS-AM, CEP 69058-415
CERVEJA ITAIPAVA PILSEN LT 269ML;R$ 1,89;CDL ATACK FILIAL FLORES;AV. MAX TEIXEIRA, NRO 1878, FLORES, NAO INFORMADO, MANAUS-AM, CEP 69058-415
CERVEJA ITAIPAVA LT 269ML;R$ 1,99;MERCADINHO JUMA 1;RUA JASMIM DE CAIEMA, NRO 26, NOVO ALEIXO, MANAUS-AM, CEP 69098-376
CERV ITAIPAVA PILSEN LT 269ML;R$ 1,99;SUPERMECADO CEZAR CIA LTDA;RUA 7B, NRO 001, SAO JOSE OPER., MANAUS-AM, CEP 69086-083
CERVEJA ITAIPAVA LATA 269ML;R$ 1,99;CAMPEAO SUPERMERCADOS LTDA;RUA JOAO PAULO I, NRO 001, ALVORADA, MANAUS-AM, CEP 69043-000
CERVEJA ITAIPAVA LAT;R$ 1,99;CAMPEAO SUPERMERCADOS LTDA;RUA JOAO PAULO I, NRO 001, ALVORADA, MANAUS-AM, CEP 69043-000
CERVEJA ITAIPAVA 269ML UND;R$ 2,00;MERCADINHO POPULAR;AV. ARICA, NRO 128, MAUAZINHO, MANAUS-AM, CEP 69047-010
CERVEJA ITAIPAVA PILSEN LT 269 ML;R$ 2,05;FRIOTRANS CAMAPUA;AVENIDA CAMAPU?, NRO 2239, CIDADE DE DEUS, NAO INFORMADO, MANAUS-AM, CEP 69097-720
CERVEJA ITAIPAVA 269ML;R$ 2,09;SUPERMERCADO RODRIGUES;AV AUTAZ MIRIM, NRO 7451, TANCREDO NEVES, NAO INFORMADO, MANAUS-AM, CEP 69085-000
CERVEJA ITAIPAVA PILSEN LT 269ML;R$ 2,09;SUPERMERCADO VIDAL;AVENIDA FRANCISCO QUEIROZ, NRO 39, CIDADE NOVA, MANAUS-AM, CEP 69093-000
CERV ITAIPAVA 269M;R$ 2,09;Loja 122 - Manaus;AV AUTAZ MIRIM, NRO 8755, NOVO ALEIXO, MANAUS-AM, CEP 69099-045
CERVEJA ITAIPAVA LONG NECK 250ML;R$ 2,15;SUPERMERCADO RODRIGUES;AV AUTAZ MIRIM, NRO 7451, TANCREDO NEVES, NAO INFORMADO, MANAUS-AM, CEP 69085-000
CERVEJA ITAIPAVA PILSEN 250ML LN;R$ 2,15;LOJA 32 HIPER ALEIXO;AV COSME FERREIRA, NRO 2540, COROADO, MANAUS-AM, CEP 69082-230
CERV ITAIPAVA 350ML;R$ 2,19;Loja 122 - Manaus;AV AUTAZ MIRIM, NRO 8755, NOVO ALEIXO, MANAUS-AM, CEP 69099-045
CERVEJA ITAIPAVA PILSEN 269 ML LATA UN;R$ 2,19;SUPERMERCADO VENEZA;AV TANCREDO NEVES, NRO 915, PARQUE 10, MANAUS-AM, CEP 69054-700
LONGNECK ITAIPAVA 25;R$ 2,25;SUPER JB;AVE BARAO DO RIO BRANCO, NRO 015, FLORES, MANAUS-AM, CEP 69058-581
ITAIPAVA 269ML UN;R$ 2,25;CASA DE CARNE OTAVIO;RUA PADRE JOAO RIBEIRO, NRO 110, CANARANAS, MANAUS-AM, CEP 69097-000
CERVEJA ITAIPAVA PILSEN 269ML;R$ 2,25;PEDRO NAGAWO DE SOBRAL ME;TRAV. ARHUR AZEVEDO, 16QD 7 LT 16, NRO 16, CIDADE NOVA, MANAUS-AM, CEP 69098-000
CERVEJA ITAIPAVA PILSEN LN 250ML;R$ 2,30;FRIGORIFICO AMAZONAS;RUA RIO CARAUARI , 100, NRO 100, SAO JOSE OPERARIO, MANAUS-AM, CEP 69086-001
CERVEJA ITAIPAVA PILSEN LT 269ML;R$ 2,35;ALIANCA SUPERMERCADO;RUA CASSIOPEIA, SANTO AGOSTINHO, MANAUS-AM, CEP 69036-600
CERVEJA ITAIPAVA PILSEN VD 250ML;R$ 2,39;SUPERMERCADO VIDAL;AVENIDA FRANCISCO QUEIROZ, NRO 39, CIDADE NOVA, MANAUS-AM, CEP 69093-000
CERVEJA ITAIPAVA 350ML LT;R$ 2,39;SUPERMERCADO RODRIGUES;AV AUTAZ MIRIM, NRO 7451, TANCREDO NEVES, NAO INFORMADO, MANAUS-AM, CEP 69085-000
CERV ITAIPAVA 269ML LT PILSEN . (DIVERSAS);R$ 2,40;SUPERMERCADO MATCHOU;RUA JOAO CAMARA, NRO 027, NOVO ALEIXO, QUADRA E 32 LOTE 26/27, MANAUS-AM, CEP 69098-165
CERVEJA ITAIPAVA PI;R$ 2,40;AUTO POSTO NETAO;RUA CORONEL TABORDA DE MIRANDA (NUCLEO 3), NRO 13, CIDADE NOVA, MANAUS-AM, CEP 69094-270
CERVEJA ITAIPAVA LAT;R$ 2,49;CASA DE CARNE;AV. COSME FERREIRA, NRO 6110, ZUMBI DOS PALMARES, MANAUS-AM, CEP 69084-425
CERVEJA ITAIPAVA PILSEN 350ML LT;R$ 2,49;LOJA 01 HIPER PARAIBA;AV JORN. HUMBERTO C FILHO, NRO 1128, ADRIANOPOLIS, MANAUS-AM, CEP 69057-021
CERVEJA LT ITAIPAVA 269ML;R$ 2,49;SUPERMERCADO ECONOMIA;RUA GURUPI, NRO 2323, REDENCAO, MANAUS-AM, CEP 69047-010
CERVEJA ITAIPAVA 269;R$ 2,49;SUPER JB;AVE BARAO DO RIO BRANCO, NRO 015, FLORES, MANAUS-AM, CEP 69058-581
CERVEJA ITAIPAVA 269ML LATA;R$ 2,49;CASA DE CARNE OTAVIO;RUA SAO EUSEBIO, NRO 219, TERRA NOVA, MANAUS-AM, CEP 69093-820
CERVEJA ITAIPAVA LATA 350ML;R$ 2,49;SUPERMERCADO VIDAL;AVENIDA FRANCISCO QUEIROZ, NRO 39, CIDADE NOVA, MANAUS-AM, CEP 69093-000
CERV ITAIPAVA PILSEN;R$ 2,50;FINO CORTE - ALEIXO;AVENIDA ANDRE ARAUJO, NRO 075, ALEIXO, MANAUS-AM, CEP 69060-000
CERVEJA ITAIPAVA LATA 269ML;R$ 2,50;MERCADINHO ADAO EVA;RUA PROFESSORA RAIMUNDA MAGALHAES, NRO 103, COROADO II, MANAUS-AM, CEP 69080-271
CERVEJA ITAIPAVA 269;R$ 2,50;IALA COMERCIO DE PROD.ALI. E MAT ESC. E ESCRI LTDA - ME;RUA GENERAL CARNEIRO, NRO 536, SAO FRANCISCO[, MANAUS-AM, CEP 69079-020
CERVEJA ITAIPAVA PILSEN 269ML;R$ 2,50;MERCANTIL & ACOGUE BOM PRECO;AV SANTA MARIA DA PAZ, NRO 637, CIDADE DE DEUS, MANAUS-AM, CEP 69099-644
CERVEJA ITAIPAVA C/ 12 LATAS 269ML;R$ 2,50;MARTA SOLANGE SIMOES DA MOTA;RUA AMERICO ALVAREZ, NRO 215, JAPIIM, MANAUS-AM, CEP 69078-560
CERV ITAIPAVA PILSEN 269ML;R$ 2,50;MERCADINHO PEREIRA;RUA ITAETE, NRO 138, AMAZONINO MENDES, MANAUS-AM, CEP 69099-230
CERVEJA ITAIPAVA 269ML;R$ 2,50;MERCADINHO MATOS;RUA MUTUM-ETE, NRO 56, J. TEIXEIRA, MANAUS-AM, CEP 69088-146
CERVEJA ITAIPAVA 269ML;R$ 2,50;MERCADINHO CLEBER;RUA PROF. MANOEL BELEM, NRO 043, CIDADE NOVA, CONJ. MANOA, MANAUS-AM, CEP 69090-767
CERV. ITAIPAVA GARRAFA 250ML;R$ 2,50;COTAM DISTRITO;AV. BURITI, NRO 1569, DISTRITO, MANAUS-AM, CEP 69075-000
CERVE ITAIPAVA 269ML;R$ 2,50;F DAS C CARIOCA DE ALCANTARA;AV. NEPAL QD 63, NRO 012, NOVA CIDADE, MANAUS-AM, CEP 69097-315
CERV ITAIPAVA PILSEN 269ML PC12;R$ 2,50;MERCADINHO CKRI;TRV LAVRAS, NRO 6, CIDADE NOVA, QUADRA 12 CJ CANARANA, MANAUS-AM, CEP 69097-160
CERVEJA ITAIPAVA 269ML;R$ 2,50;MERC JESUS ME DEU;RUA FRANCISCO FREITAS, NRO 014, COLONIA SANTO ANTONIO, MANAUS-AM, CEP 69093-260
ITAIPAVA PILSEN UND 269ML;R$ 2,50;QUEIROZ COMERCIAL;RUA RIO CABORIS, NRO 35, CIDADE NOVA, MANAUS-AM, CEP 69098-272
CERVELA ITAIPAVA LATA 269ML [DIVERSOS];R$ 2,50;MERCADINHO S & VIEIRA;RUA RAYOL DOS SANTOS, NRO 047, CIDADE NOVA, MANAUS-AM, CEP 69089-210
ITAIPAVA 250ML;R$ 2,50;COMERCIAL BARROSO LEITE;RUA SANTA ANA, NRO 050, TERRA NOVA II, MANAUS-AM, CEP 69093-497
CERVEJA ITAIPAVA PILSEN LT 269ML;R$ 2,50;SUPERMERCADO RESENDE;RUA ALMERON CAMINHA, NRO S/N, PETROPOLIS, MANAUS-AM, CEP 69067-200
CERV ITAIPAVA 250 ML;R$ 2,50;POSTO MAUAZINHO;AV COSME FERREIRA, NRO 11300, MAUAZINHO, MANAUS-AM, CEP 69075-775
ITAIPAVA LATA 269ML UN;R$ 2,50;MERCADINHO JOELMA;RUA DANILO CORREA, NRO 01, PETROPOLIS, MANAUS-AM, CEP 69063-400
CERVEJA ITAIPAVA LATA 269ML;R$ 2,50;MERCADINHO POPULAR;RUA ADELINO COSTA CJ RIBEIRO JUNIOR, NRO 26, NOVA CIDADE, MANAUS-AM, CEP 69095-560
ITAIPAVA 269ML;R$ 2,50;COMERCIAL SORRISO;RUA. CELSO MACHADO, NRO 013, FLORES, MANAUS-AM, CEP 69028-320
ITAIPAVA UND 269ML;R$ 2,50;GLORINETE DE JESUS PINEIRO - M;R CARAPIA, NRO 001, GILBERTO MESTRINHO, MANAUS-AM, CEP 69086-556
CERV ITAIPAVA 269ML;R$ 2,50;MERCADINHO VALE DO SOL;RUA DA PASSAGEM, NRO 012, JARDIM PETROPOLIS, MANAUS-AM, CEP 69067-332
ITAIPAVA 269ML;R$ 2,50;E.SERRA RODRIGUES;AV BURITI, NRO 091, COROADO III, MANAUS-AM, CEP 69000-000
ITAIPAVA PILSEN LONG NECK 250ML;R$ 2,50;ARENA;RUA SATIRO DIAS, NRO 400, SAO FRANCISCO, MANAUS-AM, CEP 69079-060
ITAIPAVA CERVEJA PILSEN 269ML;R$ 2,50;Frigorifico Amazonas;RUA VASCO VASQUES, 1336, NRO 1336, PARQUE 10 DE NOVEMBRO, MANAUS-AM, CEP 69093-000
CERVEJA TAIPAVA 269M;R$ 2,50;I S NOGUEIRA;AV. NEPAL, NRO 006, NOVA CIDADE, MANAUS-AM, CEP 69097-315
CERVEJA ITAIPAVA 250;R$ 2,50;ADAO TOMAZ JUNIOR ME;RUA FORMOSA, NRO 061, PARQ DAS NACOES, MANAUS-AM, CEP 69028-120
CERVEJA - ITAIPAVA 269ML;R$ 2,50;MERCADINHO JOAO DOURADO;RUA JOAO DOURADO, NRO 036, NOVO ALEIXO, QD F31 LT36, MANAUS-AM, CEP 69098-198
CERVEJA ITAIPAVA 269;R$ 2,50;ADAO TOMAZ JUNIOR ME;RUA FORMOSA, NRO 061, PARQ DAS NACOES, MANAUS-AM, CEP 69028-120
CERVEJA ITAIPAVA 269;R$ 2,50;COMERCIAL ALEX;RUA DOUTOR ARGEMIRO GERMANO, NRO 032, CIDADE NOVA, MANAUS-AM, CEP 69090-742
CERVEJA ITAIPAVA 269ML;R$ 2,60;MERCADINHO JAPONES;RUA MANOEL MARQUES DE SOUZA, NRO 242, PARQUE DEZ, MANAUS-AM, CEP 69055-240
ITAIPAVA 250ML;R$ 2,65;CASA DE CARNE OTAVIO;RUA PADRE JOAO RIBEIRO, NRO 110, CANARANAS, MANAUS-AM, CEP 69097-000
CERV ITAIPAVA 250ML;R$ 2,65;Loja 122 - Manaus;AV AUTAZ MIRIM, NRO 8755, NOVO ALEIXO, MANAUS-AM, CEP 69099-045
CERVEJA ITAIPAVA PILSEN VD 250ML;R$ 2,69;ALIANCA SUPERMERCADO;RUA CASSIOPEIA, SANTO AGOSTINHO, MANAUS-AM, CEP 69036-600
CERV. ITAIPAVA LATA 269ML;R$ 2,75;COTAM DISTRITO;AV. BURITI, NRO 1569, DISTRITO, MANAUS-AM, CEP 69075-000
CERVEJA ITAIPAVA PILSEN 269ML;R$ 2,75;PANIFICADORA OLIVEIRA;RUA 232 QD 411 (NUC 21), NRO 011, CIDADE NOVA V, MANAUS-AM, CEP 69096-770
CERV ITAIPAVA 269 ML;R$ 2,75;POSTO MAUAZINHO;AV COSME FERREIRA, NRO 11300, MAUAZINHO, MANAUS-AM, CEP 69075-775
CERVEJA ITAIPAVA PILSEN LN 250ML;R$ 2,75;PEDRO NAGAWO DE SOBRAL ME;TRAV. ARHUR AZEVEDO, 16QD 7 LT 16, NRO 16, CIDADE NOVA, MANAUS-AM, CEP 69098-000
CERVEJA ITAIPAVA 269ML;R$ 2,75;O BARATINHO;AV. JORGE BIVACUA, NRO 290, JAPIIM, MANAUS-AM, CEP 69078-100
CERVEJA ITAIPAVA 269ML;R$ 2,75;PANIFICADORA MIYAZAKI;ALEXANDRE MAGNO, NRO 1005, PARQUE 10, MANAUS-AM, CEP 69054-723
ITAIPAVA 269 LT;R$ 2,75;MERCADINHO SAO JOAO;RUA RIO TAPAJOS , 77, NRO 77, COLONIA TERRA NOVA, MANAUS-AM, CEP 69093-463
CERV ITAIPAVA PILSEN LT 269ML;R$ 2,75;AUTO POSTO RIACHAO;AV. MARGARITA, NRO 1147, CJ HAB NOVA CIDADE, MANAUS-AM, CEP 69094-770
ITAIPAVA LATA 269ML;R$ 2,75;BOX SMS;RUA SANTA CLAUDIA, NRO 13, SAO JOSE OPERARIO, MANAUS-AM, CEP 69090-090
CERVEJA ITAIPAVA ZER;R$ 2,75;ADAO TOMAZ JUNIOR ME;RUA FORMOSA, NRO 061, PARQ DAS NACOES, MANAUS-AM, CEP 69028-120
CERVEJA ITAIPAVA PILSEN 269ML;R$ 2,75;MERCADINHO BAIMA;RUA DON JOAO VI, NRO 027, PARQUE DEZ, MANAUS-AM, CEP 69054-000
CERV. ITAIPAVA PILSEN 269ML LA;R$ 2,75;POSTO MANAUARA IV - GC;AV AUTAZ MIRIM, NRO 8744, JORGE TEIXEIRA, POSTO, MANAUS-AM, CEP 69088-245
CERVEJA ITAIPAVA PILSEN 269ML;R$ 2,75;PANIFICADORA CONDE LTDA - FILIAL 05;AV. PROFESSOR NILTON LINS, NRO 1591, FLORES, LOJA: 12, MANAUS-AM, CEP 69058-030
CERVEJA ITAIPAVA PREMIUM 269ML;R$ 2,79;SUPERMERCADO RODRIGUES;AV AUTAZ MIRIM, NRO 7451, TANCREDO NEVES, NAO INFORMADO, MANAUS-AM, CEP 69085-000
CERVEJA ITAIPAVA PILSEN LN 250ML;R$ 2,79;SUPERMERCADO RESENDE;RUA ALMERON CAMINHA, NRO S/N, PETROPOLIS, MANAUS-AM, CEP 69067-200
CERV ITAIPAVA 0,00% ALCOOL 355;R$ 2,80;POSTO PARQUE DEZ;AV MANECA MARQUES, NRO 1902, PQ DEZ DE NOVEMBRO, CJ CASTELO BRANCO, MANAUS-AM, CEP 69055-021
ITAIPAVA LT 269ML;R$ 2,85;VAREJAO OSSAMI LARANJEIRAS;AVENIDA PROF NILTON LINS, NRO 195, FLORES, MANAUS-AM, CEP 69058-030
CERVEJA ITAIPAVA 250ML [DIVERSOS];R$ 2,99;MERCADINHO CASA BRANCA;RUA GUAIACO, NRO 175, JORGE TEIXEIRA, MANAUS-AM, CEP 69088-133
CERVEJA ITAIPAVA;R$ 2,99;MANAUS;AV AUTAZ MIRIM, NRO 3330, ZUMBI DOS PALMARES, MANAUS-AM, CEP 69084-005
CERVEJA ITAIPAVA PILSEN 269ML;R$ 2,99;FARMABEM;AV TORQUARTO TAPAJOS, NRO 5550, COL STO ANTONIO, MANAUS-AM, CEP 69093-018
CERVEJA ITAIPAVA PILSEN LA 269ML;R$ 3,00;TABERNAO;RUA FRANCISCO ARRUDA, NRO 301, COROADO, MANAUS-AM, CEP 69083-060
CERV ITAIPAVA LN 250ML;R$ 3,00;AUTO POSTO BRASIL;AVGOVERNADORJOSELINDOSO, NRO 2560, PARQUEDEZDENOVEMBRO, MANAUS-AM, CEP 69054-285
CERVEJA ITAIPAVA PILSEN LONG 250ML;R$ 3,00;VITALLI ATACADO;AV. TORQUATO TAPAJOS, NRO 053, FLORES, MANAUS-AM, CEP 69050-830
CERV ITAIPAVA 350 ML;R$ 3,00;POSTO MAUAZINHO;AV COSME FERREIRA, NRO 11300, MAUAZINHO, MANAUS-AM, CEP 69075-775
CERV ITAIPAVA 250 ML;R$ 3,00;POSTO TURISMO II;AV DO TURISMO, NRO 109, PONTA NEGRA, MANAUS-AM, CEP 69037-005
CERVEJA ITAIPAVA PILSEN LATA 2;R$ 3,00;POSTO SANTA ETELVINA;AV. ARQUITETO JOSE HENRIQUES B. RODRIGUES, NRO 2499, SANTA ETELVINA, MANAUS-AM, CEP 69059-800
CER ITAIPAVA PILSEN 269 ML;R$ 3,00;POSTO SAO FRANCISCO;AV AUTAZ MIRIM, NRO 1000, JORGE TEIXEIRA, MANAUS-AM, CEP 69085-000
CERV. ITAIPAVA PREMIUM 269ML;R$ 3,00;POSTO MANAUARA IV - GC;AV AUTAZ MIRIM, NRO 8744, JORGE TEIXEIRA, POSTO, MANAUS-AM, CEP 69088-245
CERVEJA ITAIPAVA 250 ML LONG NECK;R$ 3,00;ALX FILIAL;AV NATHAN XAVIER DE ALBUQUERQUE, NRO 1389, NOVO ALEIXO, MANAUS-AM, CEP 69098-145
CERV ITAIPAVA LATA 350ML;R$ 3,00;COTAM DISTRITO;AV. BURITI, NRO 1569, DISTRITO, MANAUS-AM, CEP 69075-000
CERVEJA ITAIPAVA  LATA 269 ML;R$ 3,00;ALX FILIAL;AV NATHAN XAVIER DE ALBUQUERQUE, NRO 1389, NOVO ALEIXO, MANAUS-AM, CEP 69098-145
CERV ITAIPAVA PILSEN LN 250ML;R$ 3,00;VDL RAQUEL;RUA DONA RAQUEL DE SOUZA, NRO 039, PETROPOLIS, MANAUS-AM, CEP 69063-590
CERV ITAIPAVA PILSEN LN 250;R$ 3,00;Rio - XVIII;RUA:MARGARIDA,N.04 Q.40-A - CONJ.:NOVA CIDADE, NRO 004, NOVA CIDADE, MANAUS-AM, CEP 69097-305
ITAIPAVA PILSEN 269ML;R$ 3,00;ARENA;RUA SATIRO DIAS, NRO 400, SAO FRANCISCO, MANAUS-AM, CEP 69079-060
CERVEJA ITAIPAVA PILSEN 269ML;R$ 3,00;BAR ITAIPAVA;AV. MAX TEIXEIRA, NRO 662, FLORES, LOJA A, MANAUS-AM, CEP 69093-770
CERV ITAIPAVA PILSEN 269ML;R$ 3,00;Rio - XVIII;RUA:MARGARIDA,N.04 Q.40-A - CONJ.:NOVA CIDADE, NRO 004, NOVA CIDADE, MANAUS-AM, CEP 69097-305
CERVEJA ITAIPAVA 269ML;R$ 3,00;ORGANIZACOES KALEFU;RUA NAZARETH MESQUITA, NRO 012, PARQUE 10, UNIAO, MANAUS-AM, CEP 69054-501
CERV ITAIPAVA PREMIUM LT 269ML;R$ 3,00;AUTO POSTO RIACHAO;AV. MARGARITA, NRO 1147, CJ HAB NOVA CIDADE, MANAUS-AM, CEP 69094-770
CERV ITAIPAVA PILSEN LT 269ML;R$ 3,00;ILHA GELADA SEIXAS;AV TORQUATO TAPAJOS, NRO 018, NOVO ISRAEL, MANAUS-AM, CEP 69000-000
CERV ITAIPAVA 269ML;R$ 3,00;POSTO JAPIIM;AV. RODRIGO OTAVIO, NRO 4229, JAPIIM, MANAUS-AM, CEP 69077-000
CERVEJA ITAIPAVA LT;R$ 3,00;ILHA GELADA TIMBIRAS;AV. TIMBIRAS, NRO 92, CIDADE NOVA II, LOJA C, MANAUS-AM, CEP 69094-000
CERV ITAIPAVA PILSEN 269ML PC12;R$ 3,00;panificadora fruta pao;TRAV. 03 NRO 16 LJ. 06/07 CONJ. ICA PAR, NRO 003, ADRIANOPOLIS, MANAUS-AM, CEP 69053-590
CERVEJA ITAIPAVA LN;R$ 3,00;ILHA GELADA TIMBIRAS;AV. TIMBIRAS, NRO 92, CIDADE NOVA II, LOJA C, MANAUS-AM, CEP 69094-000
CERV. ITAIPAVA 250ML LONGNECK;R$ 3,00;POSTO MANAUARA IV - GC;AV AUTAZ MIRIM, NRO 8744, JORGE TEIXEIRA, POSTO, MANAUS-AM, CEP 69088-245
CERV ITAIPAVA PILSEN LN 250 ML;R$ 3,00;ILHA GELADA SEIXAS;AV TORQUATO TAPAJOS, NRO 018, NOVO ISRAEL, MANAUS-AM, CEP 69000-000
ITAIPAVA MALZBIER LATA 350ML;R$ 3,00;AUTO POSTO RIACHAO;AV. MARGARITA, NRO 1147, CJ HAB NOVA CIDADE, MANAUS-AM, CEP 69094-770
CERV ITAIPAVA 269 ML;R$ 3,00;POSTO TURISMO II;AV DO TURISMO, NRO 109, PONTA NEGRA, MANAUS-AM, CEP 69037-005
CERV ITAIPAVA 250 ML;R$ 3,00;IBK RENATO;RUA URAQUEMA, NRO 8, CIDADE NOVA 1, ETAPA 1, MANAUS-AM, CEP 69000-000
CERV ITAIPAVA 269 ML;R$ 3,00;IBK RENATO;RUA URAQUEMA, NRO 8, CIDADE NOVA 1, ETAPA 1, MANAUS-AM, CEP 69000-000
B.A CERVEJA ITAIPAVA PILSEN L.N  250ML;R$ 3,00;PANIFICADORA TROPICAL;RUA BENJAMIN CONSTANT, NRO 184, PETROPOLIS, MANAUS-AM, CEP 69063-010
CERV ITAIPAVA PILSEN LT 269ML;R$ 3,00;VDL ALEIXO;AV COSME E FERREIRA, NRO 6039, ALEIXO, KM 05, MANAUS-AM, CEP 69083-000
CERV ITAIPAVA PILSEN LT 350ML;R$ 3,00;AUTO POSTO RIACHAO;AV. MARGARITA, NRO 1147, CJ HAB NOVA CIDADE, MANAUS-AM, CEP 69094-770
CERVEJA ITAIPAVA PILSEN LN 250;R$ 3,00;POSTO SANTA ETELVINA;AV. ARQUITETO JOSE HENRIQUES B. RODRIGUES, NRO 2499, SANTA ETELVINA, MANAUS-AM, CEP 69059-800
CERVEJA ITAIPAVA LN PILSEN 250ML;R$ 3,00;BAR ITAIPAVA;AV. MAX TEIXEIRA, NRO 662, FLORES, LOJA A, MANAUS-AM, CEP 69093-770
B.A CERVEJA ITAIPAVA PILSEN 269ML;R$ 3,00;PANIFICADORA TROPICAL;RUA BENJAMIN CONSTANT, NRO 184, PETROPOLIS, MANAUS-AM, CEP 69063-010
CERVEJA ITAIPAVA PILSEN LATA 269ML;R$ 3,00;VITALLI ATACADO;AV. TORQUATO TAPAJOS, NRO 053, FLORES, MANAUS-AM, CEP 69050-830
CERV ITAIPAVA PILSEN LT 269ML;R$ 3,00;ILHA GELADA MAX;AV MAX TEIXEIRA, NRO 999, COL SANTO ANTON, MANAUS-AM, CEP 69093-770
CERVEJA ITAIPAVA 350ML;R$ 3,00;PANIFICADORA MIYAZAKI;ALEXANDRE MAGNO, NRO 1005, PARQUE 10, MANAUS-AM, CEP 69054-723
CERVEJA ITAIPAVA PILSEN LN 355ML;R$ 3,09;CDL ATACK FILIAL FLORES;AV. MAX TEIXEIRA, NRO 1878, FLORES, NAO INFORMADO, MANAUS-AM, CEP 69058-415
CERVEJA ITAIPAVA PREMIUM 269ML LT;R$ 3,12;LOJA 01 HIPER PARAIBA;AV JORN. HUMBERTO C FILHO, NRO 1128, ADRIANOPOLIS, MANAUS-AM, CEP 69057-021
CERVEJA ITAIPAVA PILSEN LATA 2;R$ 3,25;POSTO NOSSA SENHORA;AV GRANDE CIRCULAR, NRO 189, JORGE TEXEIRA, MANAUS-AM, CEP 69087-000
CERV ITAIPAVA 355ML;R$ 3,45;Loja 122 - Manaus;AV AUTAZ MIRIM, NRO 8755, NOVO ALEIXO, MANAUS-AM, CEP 69099-045
CERVEJA ITAIPAVA PILSEN VD 355ML;R$ 3,49;ALIANCA SUPERMERCADO;RUA CASSIOPEIA, SANTO AGOSTINHO, MANAUS-AM, CEP 69036-600
CERVEJA ITAIPAVA ZERO 355ML LN;R$ 3,49;LOJA 22 HIPER NOVA CIDADE;AV MARAGARITA, NRO 1359, NOVA CIDADE, MANAUS-AM, CEP 69097-305
CERVEJA ITAIPAVA PREMIUM LATA 269ML;R$ 3,50;Frigorifico Amazonas;RUA VASCO VASQUES, 1336, NRO 1336, PARQUE 10 DE NOVEMBRO, MANAUS-AM, CEP 69093-000
CERV ITAIPAVA PILSEN LT 269ML;R$ 3,50;AUTO POSTO BRASIL;AVGOVERNADORJOSELINDOSO, NRO 2560, PARQUEDEZDENOVEMBRO, MANAUS-AM, CEP 69054-285
CERV ITAIPAVA PREMIUM 269 ML;R$ 3,50;POSTO PARQUE DEZ;AV MANECA MARQUES, NRO 1902, PQ DEZ DE NOVEMBRO, CJ CASTELO BRANCO, MANAUS-AM, CEP 69055-021
ITAIPAVA CERVEJA PILSEN LN 355ML;R$ 3,50;Frigorifico Amazonas;RUA VASCO VASQUES, 1336, NRO 1336, PARQUE 10 DE NOVEMBRO, MANAUS-AM, CEP 69093-000
CERVEJA ITAIPAVA PILSEN LN 250;R$ 3,50;POSTO NOSSA SENHORA;AV GRANDE CIRCULAR, NRO 189, JORGE TEXEIRA, MANAUS-AM, CEP 69087-000
CERV ITAIPAVA 269 ML;R$ 3,50;NOSSO POSTO;AV MARQUES DE VILA REAL DA PRAIA GRANDE, NRO SN, FLORES, 1 QUADRA 3 LOTE 1, MANAUS-AM, CEP 69058-100
CERV ITAIPAVA 350 ML;R$ 3,50;IBK RENATO;RUA URAQUEMA, NRO 8, CIDADE NOVA 1, ETAPA 1, MANAUS-AM, CEP 69000-000
CERVEJA ITAIPAVA 562;R$ 3,50;ILHA GELADA TIMBIRAS;AV. TIMBIRAS, NRO 92, CIDADE NOVA II, LOJA C, MANAUS-AM, CEP 69094-000
CERV ITAIPAVA 350 ML;R$ 3,50;POSTO TURISMO II;AV DO TURISMO, NRO 109, PONTA NEGRA, MANAUS-AM, CEP 69037-005
CERV ITAIPAVA PILSEN LT 269ML;R$ 3,50;ITA LUCAS LTDA;COSME FERREIRA, NRO 357, ALEIXO, MANAUS-AM, CEP 69083-000
CERV ITAIPAVA PILSEN LN 250ML;R$ 3,50;POSTO SAO FRANCISCO;AV AUTAZ MIRIM, NRO 1000, JORGE TEIXEIRA, MANAUS-AM, CEP 69085-000
CERV ITAIPAVA PILSEN LT 350ML;R$ 3,50;VDL RECIFE;AV RECIFE, NRO 200, FLORES, MANAUS-AM, CEP 69050-030
CERVEJA ITAIPAVA PILSEN LATA 350ML;R$ 3,50;BAR ITAIPAVA;AV. MAX TEIXEIRA, NRO 662, FLORES, LOJA A, MANAUS-AM, CEP 69093-770
CERVEJA ITAIPAVA 350ML LATA;R$ 3,50;LOJAS AMPM;VALERIO BOTELHO DE ANDRADE, NRO 284, SAO FRANCISCO, LOJA 02, MANAUS-AM, CEP 69079-260
CERV ITAIPAVA LN 250ML;R$ 3,50;POSTO SAO LUCAS;RODRIGO OTAVIO, NRO 20, COROADO, MANAUS-AM, CEP 69080-005
CERVEJA ITAIPAVA PILSEN LATA 350ML;R$ 3,50;VITALLI ATACADO;AV. TORQUATO TAPAJOS, NRO 053, FLORES, MANAUS-AM, CEP 69050-830
CERVEJA ITAIPAVA PILSEN 269ML;R$ 3,50;LOJAS AMPM;VALERIO BOTELHO DE ANDRADE, NRO 284, SAO FRANCISCO, LOJA 02, MANAUS-AM, CEP 69079-260
CERV ITAIPAVA PILSEN LT 350ML;R$ 3,50;ILHA GELADA SEIXAS;AV TORQUATO TAPAJOS, NRO 018, NOVO ISRAEL, MANAUS-AM, CEP 69000-000
CERVEJA ITAIPAVA PILSEN LATA 2;R$ 3,50;POSTO MORADA DO SOL;AV ANDRE ARAUJO, NRO 2893, ALEIXO, MANAUS-AM, CEP 69060-000
CERV ITAIPAVA PILSEN LT 269ML;R$ 3,50;POSTO SAO LUCAS;RODRIGO OTAVIO, NRO 20, COROADO, MANAUS-AM, CEP 69080-005
CERVEJA ITAIPAVA PILSEN 355ML LN;R$ 3,59;LOJA 32 HIPER ALEIXO;AV COSME FERREIRA, NRO 2540, COROADO, MANAUS-AM, CEP 69082-230
CERVEJA ITAIPAVA LONG NE 355ML 0% ALCOOL;R$ 3,69;SUPERMERCADO RODRIGUES;AV AUTAZ MIRIM, NRO 7451, TANCREDO NEVES, NAO INFORMADO, MANAUS-AM, CEP 69085-000
CERVEJA ITAIPAVA PILSEN LT 350;R$ 3,75;POSTO NOSSA SENHORA;AV GRANDE CIRCULAR, NRO 189, JORGE TEXEIRA, MANAUS-AM, CEP 69087-000
CERV ITAIPAVA PREMIUM LT 269ML;R$ 3,75;VDL ALEIXO;AV COSME E FERREIRA, NRO 6039, ALEIXO, KM 05, MANAUS-AM, CEP 69083-000
CERVEJA ITAIPAVA PREMIUM LN 355ML;R$ 3,75;CDL ATACK FILIAL FLORES;AV. MAX TEIXEIRA, NRO 1878, FLORES, NAO INFORMADO, MANAUS-AM, CEP 69058-415
CERV ITAIPAVA LT 355ML;R$ 3,75;POSTO JAPIIM;AV. RODRIGO OTAVIO, NRO 4229, JAPIIM, MANAUS-AM, CEP 69077-000
CERVEJA ITAIPAVA PILSEN 0% ALCOOL;R$ 3,75;MERCADINHO JAPONES;RUA MANOEL MARQUES DE SOUZA, NRO 242, PARQUE DEZ, MANAUS-AM, CEP 69055-240
CERVEJA ITAIPAVA MALZBIER 350ML LT;R$ 3,79;SUPERMERCADO RODRIGUES;AV AUTAZ MIRIM, NRO 7451, TANCREDO NEVES, NAO INFORMADO, MANAUS-AM, CEP 69085-000
CERV ITAIPAVA PREMIU;R$ 3,79;SUPERATACADO NOVA ERA;AV. TORQUATO TAPAJOS, NRO 2871, DA PAZ, MANAUS-AM, CEP 69048-010
MALZB ITAIPAVA 355ML;R$ 3,85;Loja 122 - Manaus;AV AUTAZ MIRIM, NRO 8755, NOVO ALEIXO, MANAUS-AM, CEP 69099-045
CERVEJA ITAIPAVA PILSEN LATA 350ML;R$ 3,99;Rio - XVIII;RUA:MARGARIDA,N.04 Q.40-A - CONJ.:NOVA CIDADE, NRO 004, NOVA CIDADE, MANAUS-AM, CEP 69097-305
CERVEJA ITAIPAVA LONG NECK PREMIUM 355ML;R$ 3,99;SUPERMERCADO RODRIGUES;AV AUTAZ MIRIM, NRO 7451, TANCREDO NEVES, NAO INFORMADO, MANAUS-AM, CEP 69085-000
CERVEJA ITAIPAVA PILSEN 300ML;R$ 3,99;SUPERMERCADO RODRIGUES;AV AUTAZ MIRIM, NRO 7451, TANCREDO NEVES, NAO INFORMADO, MANAUS-AM, CEP 69085-000
CERVEJA ITAIPAVA LONG NECK 355ML;R$ 3,99;SUPERMERCADO RODRIGUES;AV AUTAZ MIRIM, NRO 7451, TANCREDO NEVES, NAO INFORMADO, MANAUS-AM, CEP 69085-000
CERVEJA ITAIPAVA PREMIUM 355ML LN;R$ 3,99;LOJA 02 SUPER SAO JOSE;ALD COSME FERREIRA, NRO 4605, SAO JOSE, LJ 70, MANAUS-AM, CEP 69083-000
CERVEJA ITAIPAVA;R$ 4,00;REAL POUSADA;AV DOS OITIS, NRO 047, DISTRITO INDUSTRIAL, MANAUS-AM, CEP 69075-842
CERV. ITAIPAVA 00 ALCOOL 355ML;R$ 4,00;POSTO MANAUARA IV - GC;AV AUTAZ MIRIM, NRO 8744, JORGE TEIXEIRA, POSTO, MANAUS-AM, CEP 69088-245
CERVEJA ITAIPAVA PILSEN 300ML;R$ 4,00;BAR ITAIPAVA;AV. MAX TEIXEIRA, NRO 662, FLORES, LOJA A, MANAUS-AM, CEP 69093-770
CERV ITAIPAVA LT 350ML;R$ 4,00;AUTO POSTO BRASIL;AVGOVERNADORJOSELINDOSO, NRO 2560, PARQUEDEZDENOVEMBRO, MANAUS-AM, CEP 69054-285
CERV ITAIPAVA PILSEN LT 350ML;R$ 4,00;POSTO SAO FRANCISCO;AV AUTAZ MIRIM, NRO 1000, JORGE TEIXEIRA, MANAUS-AM, CEP 69085-000
CERV ITAIPAVA 269ML;R$ 4,00;POSTO ESCOLA;AV DJALMA BATISTA, NRO 4360, FLORES, MANAUS-AM, CEP 69050-010
CERVEJA ITAIPAVA PREMIUM LATA 269ML;R$ 4,00;BAR ITAIPAVA;AV. MAX TEIXEIRA, NRO 662, FLORES, LOJA A, MANAUS-AM, CEP 69093-770
CERVEJA ITAIPAVA PILSEN 250ML;R$ 4,00;LOJAS AMPM;VALERIO BOTELHO DE ANDRADE, NRO 284, SAO FRANCISCO, LOJA 02, MANAUS-AM, CEP 69079-260
CERV ITAIPAVA S ALC LT 350ML;R$ 4,00;POSTO ESCOLA;AV DJALMA BATISTA, NRO 4360, FLORES, MANAUS-AM, CEP 69050-010
CERVEJA ITAIPAVA 0,0% 355ML;R$ 4,00;VITALLI ATACADO;AV. TORQUATO TAPAJOS, NRO 053, FLORES, MANAUS-AM, CEP 69050-830
CERVEJA ITAIPAVA PIL;R$ 4,00;FINO CORTE - ALEIXO;AVENIDA ANDRE ARAUJO, NRO 075, ALEIXO, MANAUS-AM, CEP 69060-000
CERV ITAIPAVA  GARRAFA 355ML;R$ 4,00;COTAM DISTRITO;AV. BURITI, NRO 1569, DISTRITO, MANAUS-AM, CEP 69075-000
CERV ITAIPAVA LATA 350ML;R$ 4,00;NOSSO POSTO;AV MARQUES DE VILA REAL DA PRAIA GRANDE, NRO SN, FLORES, 1 QUADRA 3 LOTE 1, MANAUS-AM, CEP 69058-100
CERV ITAIPAVA PILSEN LN 250ML;R$ 4,00;AUTO POSTO RIACHAO;AV. MARGARITA, NRO 1147, CJ HAB NOVA CIDADE, MANAUS-AM, CEP 69094-770
CERVEJA ITAIPAVA PILSEN LT 350;R$ 4,00;POSTO MORADA DO SOL;AV ANDRE ARAUJO, NRO 2893, ALEIXO, MANAUS-AM, CEP 69060-000
CERVEJA ITAIPAVA MALZBIER 350ML LT;R$ 4,04;LOJA 22 HIPER NOVA CIDADE;AV MARAGARITA, NRO 1359, NOVA CIDADE, MANAUS-AM, CEP 69097-305
CERVEJA ITAIPAVA MALZBIER 355ML LN;R$ 4,09;LOJA 28 MAX TEIXEIRA;AVENIDA MAX TEXEIR, NRO 3676, CIDADE NOVA, CONJUNTO RESIDENCIAL CIDADE NOVA I, MANAUS-AM, CEP 69090-002
CERVEJA ITAIPAVA PILSEN LN 355ML;R$ 4,15;PEDRO NAGAWO DE SOBRAL ME;TRAV. ARHUR AZEVEDO, 16QD 7 LT 16, NRO 16, CIDADE NOVA, MANAUS-AM, CEP 69098-000
LONG NECK ITAIPAVA MALZBIER 35;R$ 4,45;SUPERMECADO CEZAR CIA LTDA;RUA 7B, NRO 001, SAO JOSE OPER., MANAUS-AM, CEP 69086-083
ITAIPAVA ZERO;R$ 4,49;SUPER JB;AVE BARAO DO RIO BRANCO, NRO 015, FLORES, MANAUS-AM, CEP 69058-581
CERVEJA ITAIPAVA PILSEN LONG 355ML;R$ 4,50;VITALLI ATACADO;AV. TORQUATO TAPAJOS, NRO 053, FLORES, MANAUS-AM, CEP 69050-830
CERV ITAIPAVA LT 350ML;R$ 4,50;ITA LUCAS LTDA;COSME FERREIRA, NRO 357, ALEIXO, MANAUS-AM, CEP 69083-000
CERVEJA ITAIPAVA 350ML PILSEN LATA;R$ 4,50;ESPETINHO DO SUZUKI;AVENIDA VISCONDE DE PORTO SEGURO, NRO 018, FLORES, LT.PQ 10, MANAUS-AM, CEP 69058-090
CERV ITAIPAVA ZERO ALCOOL 350M;R$ 4,50;VDL RAQUEL;RUA DONA RAQUEL DE SOUZA, NRO 039, PETROPOLIS, MANAUS-AM, CEP 69063-590
CERVEJA ITAIPAVA;R$ 4,50;POUSADA DIPLOMATA LTDA;RUA BARAO DO RIO BRANCO PARQUE DAS LARANJEIRAS, NRO 2, FLORES, MANAUS-AM, CEP 69058-581
CERV. ITAIPAVA PREMIUN 355ML L;R$ 4,50;POSTO MANAUARA IV - GC;AV AUTAZ MIRIM, NRO 8744, JORGE TEIXEIRA, POSTO, MANAUS-AM, CEP 69088-245
CERV. ITAIPAVA PILSEN LATA ZERO ALCOOL 350ML;R$ 4,50;Frigorifico Amazonas;RUA VASCO VASQUES, 1336, NRO 1336, PARQUE 10 DE NOVEMBRO, MANAUS-AM, CEP 69093-000
ITAIPAVA 0,0% ALCOOL;R$ 4,55;CASA DE CARNE OTAVIO;RUA PADRE JOAO RIBEIRO, NRO 110, CANARANAS, MANAUS-AM, CEP 69097-000
CERVEJA ITAIPAVA PREMIUM  VIDRO 355ML;R$ 4,59;ALIANCA SUPERMERCADO;RUA CASSIOPEIA, SANTO AGOSTINHO, MANAUS-AM, CEP 69036-600
CERVEJA ITAIPAVA MAIZBIER L.N. 355ML;R$ 4,60;MERCADINHO JAPONES;RUA MANOEL MARQUES DE SOUZA, NRO 242, PARQUE DEZ, MANAUS-AM, CEP 69055-240
CERVEJA ITAIPAVA PREMIUM L.N. 355ML;R$ 4,60;MERCADINHO JAPONES;RUA MANOEL MARQUES DE SOUZA, NRO 242, PARQUE DEZ, MANAUS-AM, CEP 69055-240
ITAIPAVA VD 300ML;R$ 4,65;CASA DE CARNE OTAVIO;RUA PADRE JOAO RIBEIRO, NRO 110, CANARANAS, MANAUS-AM, CEP 69097-000
CERVEJA ITAIPAVA MALZBIER LN 355ML;R$ 4,69;SUPERMERCADO RESENDE;RUA ALMERON CAMINHA, NRO S/N, PETROPOLIS, MANAUS-AM, CEP 69067-200
CERVEJA ITAIPAVA PREMIUM 355 ML LONG NECK UN;R$ 4,72;SUPERMERCADO VENEZA;AV TANCREDO NEVES, NRO 915, PARQUE 10, MANAUS-AM, CEP 69054-700
CERVEJA  ITAIPAVA GO DRAFT LN 355ML;R$ 4,75;SUPERMERCADO RESENDE;RUA ALMERON CAMINHA, NRO S/N, PETROPOLIS, MANAUS-AM, CEP 69067-200
CERV ITAIPAVA PREMIU;R$ 4,75;FINO CORTE - ALEIXO;AVENIDA ANDRE ARAUJO, NRO 075, ALEIXO, MANAUS-AM, CEP 69060-000
CERVEJA ITAIPAVA  PILSEN LATA 473ML;R$ 4,89;SUPERMERCADO VIDAL;AVENIDA FRANCISCO QUEIROZ, NRO 39, CIDADE NOVA, MANAUS-AM, CEP 69093-000
CERVEJA ITAIPAVA PILSEN 473ML;R$ 4,90;SUPERMERCADO RODRIGUES;AV AUTAZ MIRIM, NRO 7451, TANCREDO NEVES, NAO INFORMADO, MANAUS-AM, CEP 69085-000
CERVEJA ITAIPAVA MALZBIER 355 ML;R$ 4,90;Frigorifico Amazonas;RUA VASCO VASQUES, 1336, NRO 1336, PARQUE 10 DE NOVEMBRO, MANAUS-AM, CEP 69093-000
CERVEJA ITAIPAVA GO DRAFT 355ML;R$ 4,99;MERCADINHO JAPONES;RUA MANOEL MARQUES DE SOUZA, NRO 242, PARQUE DEZ, MANAUS-AM, CEP 69055-240
CERVEJA ITAIPAVA PREMIUM GFA 600ML;R$ 4,99;CDL ATACK FILIAL FLORES;AV. MAX TEIXEIRA, NRO 1878, FLORES, NAO INFORMADO, MANAUS-AM, CEP 69058-415
CERVEJA ITAIPAVA PREMIUM 600ML LN;R$ 4,99;LOJA 01 HIPER PARAIBA;AV JORN. HUMBERTO C FILHO, NRO 1128, ADRIANOPOLIS, MANAUS-AM, CEP 69057-021
CERV ITAIPAVA MALXBIER 350ML;R$ 4,99;VDL RAQUEL;RUA DONA RAQUEL DE SOUZA, NRO 039, PETROPOLIS, MANAUS-AM, CEP 69063-590
CERVEJA ITAIPAVA 600;R$ 5,00;MINERVAL PEREIRA DE ABREU;RUA AMERICO VESPUCIO, NRO 058, FLORES, MANAUS-AM, CEP 69028-129
CERVEJA ITAIPAVA PILSEN 0% ALC;R$ 5,00;POSTO NOSSA SENHORA;AV GRANDE CIRCULAR, NRO 189, JORGE TEXEIRA, MANAUS-AM, CEP 69087-000
ITAIPAVA  LATA;R$ 5,00;SPLASH PIZZA;AVE EFIGENIO SALES, NRO 5000, ADRIANOPOLIS, MANAUS-AM, CEP 69057-050
CERV ITAIPAVA 355 ML;R$ 5,00;POSTO TURISMO II;AV DO TURISMO, NRO 109, PONTA NEGRA, MANAUS-AM, CEP 69037-005
CERV ITAIPAVA LONG NECK PILSEN;R$ 5,00;NOSSO POSTO;AV MARQUES DE VILA REAL DA PRAIA GRANDE, NRO SN, FLORES, 1 QUADRA 3 LOTE 1, MANAUS-AM, CEP 69058-100
CERVEJA ITAIPAVA LN 00 ALCOOL 355ML;R$ 5,00;BAR ITAIPAVA;AV. MAX TEIXEIRA, NRO 662, FLORES, LOJA A, MANAUS-AM, CEP 69093-770
CERVEJA ITAIPAVA PIL;R$ 5,00;ILHA GELADA TIMBIRAS;AV. TIMBIRAS, NRO 92, CIDADE NOVA II, LOJA C, MANAUS-AM, CEP 69094-000
CERVEJA ITAIPAVA PREMIUM LONG 355ML;R$ 5,00;VITALLI ATACADO;AV. TORQUATO TAPAJOS, NRO 053, FLORES, MANAUS-AM, CEP 69050-830
CERV ITAIPAVA LN 250ML;R$ 5,00;POSTO ESCOLA;AV DJALMA BATISTA, NRO 4360, FLORES, MANAUS-AM, CEP 69050-010
CERV ITAIPAVA MALZBIER 350ML;R$ 5,00;ILHA GELADA SEIXAS;AV TORQUATO TAPAJOS, NRO 018, NOVO ISRAEL, MANAUS-AM, CEP 69000-000
CERVEJA ITAIPAVA PILSEN LONG N;R$ 5,00;POSTO NOSSA SENHORA;AV GRANDE CIRCULAR, NRO 189, JORGE TEXEIRA, MANAUS-AM, CEP 69087-000
CERV ITAIPAVA LT 355ML;R$ 5,00;POSTO ESCOLA;AV DJALMA BATISTA, NRO 4360, FLORES, MANAUS-AM, CEP 69050-010
CERV ITAIPAVA MALZBIER LN 355M;R$ 5,00;VDL RECIFE;AV RECIFE, NRO 200, FLORES, MANAUS-AM, CEP 69050-030
COPO DE PLASTICO ITAIPAVA PROMOCAO;R$ 5,00;BAR ITAIPAVA;AV. MAX TEIXEIRA, NRO 662, FLORES, LOJA A, MANAUS-AM, CEP 69093-770
CERV ITAIPAVA PREMIUM LN 355ML;R$ 5,00;VDL RECIFE;AV RECIFE, NRO 200, FLORES, MANAUS-AM, CEP 69050-030
CERV ITAIPAVA PILSEN LN 355ML;R$ 5,00;VDL ALEIXO;AV COSME E FERREIRA, NRO 6039, ALEIXO, KM 05, MANAUS-AM, CEP 69083-000
ITAIPAVA 350;R$ 5,00;JOELMA MORAES VALE;AV ARQUITETO JOSE HENRIQUES B. RODRIGUES, NRO 3760, MONTE DAS OLIVEIRAS, LOJA 2071 SHOPPING MANAUS VIA NORTE, MANAUS-AM, CEP 69093-149
CERV ITAIPAVA PREMIUM 355 ML;R$ 5,00;POSTO PARQUE DEZ;AV MANECA MARQUES, NRO 1902, PQ DEZ DE NOVEMBRO, CJ CASTELO BRANCO, MANAUS-AM, CEP 69055-021
CERV ITAIPAVA 300ML;R$ 5,00;POSTO PARQUE DEZ;AV MANECA MARQUES, NRO 1902, PQ DEZ DE NOVEMBRO, CJ CASTELO BRANCO, MANAUS-AM, CEP 69055-021
CERV ITAIPAVA PILSE;R$ 5,00;ILHA GELADA TIMBIRAS;AV. TIMBIRAS, NRO 92, CIDADE NOVA II, LOJA C, MANAUS-AM, CEP 69094-000
CERVEJA ITAIPAVA PILSEN LN 355ML;R$ 5,00;BAR ITAIPAVA;AV. MAX TEIXEIRA, NRO 662, FLORES, LOJA A, MANAUS-AM, CEP 69093-770
CERVEJA ITAIPAVA LATAO 473ML LT;R$ 5,09;LOJA 09 HIPER DB DISTRITO;AV RODRIGO OTAVIO, NRO 3810, JAPIIM, MANAUS-AM, CEP 69077-900
ITAIPAVA PREMIUM 335;R$ 5,25;SUPER JB;AVE BARAO DO RIO BRANCO, NRO 015, FLORES, MANAUS-AM, CEP 69058-581
CERVEJA ITAIPAVA PILSEN LT 473ML;R$ 5,50;SUPERMERCADO RESENDE;RUA ALMERON CAMINHA, NRO S/N, PETROPOLIS, MANAUS-AM, CEP 69067-200
CERV. ITAIPAVA GO DRAFT 355ML;R$ 5,50;POSTO MANAUARA IV - GC;AV AUTAZ MIRIM, NRO 8744, JORGE TEIXEIRA, POSTO, MANAUS-AM, CEP 69088-245
CERV ITAIPAVA PILSEN 300ML;R$ 5,50;VDL RAQUEL;RUA DONA RAQUEL DE SOUZA, NRO 039, PETROPOLIS, MANAUS-AM, CEP 69063-590
CERVEJA ITAIPAVA MALZBIER LN 355ML;R$ 5,50;TABERNAO;RUA FRANCISCO ARRUDA, NRO 301, COROADO, MANAUS-AM, CEP 69083-060
CERV ITAIPAVA LN 355ML;R$ 5,50;ITA LUCAS LTDA;COSME FERREIRA, NRO 357, ALEIXO, MANAUS-AM, CEP 69083-000
CERV ITAIPAVA LN 355ML;R$ 5,50;AUTO POSTO BRASIL;AVGOVERNADORJOSELINDOSO, NRO 2560, PARQUEDEZDENOVEMBRO, MANAUS-AM, CEP 69054-285
CERV ITAIPAVA PREMIUM 355 ML;R$ 5,50;IBK RENATO;RUA URAQUEMA, NRO 8, CIDADE NOVA 1, ETAPA 1, MANAUS-AM, CEP 69000-000
CERV ITAIPAVA PREM LN 355ML;R$ 5,50;POSTO JAPIIM;AV. RODRIGO OTAVIO, NRO 4229, JAPIIM, MANAUS-AM, CEP 69077-000
CERVEJA ITAIPAVA PREMIUM LN 35;R$ 5,50;POSTO NOSSA SENHORA;AV GRANDE CIRCULAR, NRO 189, JORGE TEXEIRA, MANAUS-AM, CEP 69087-000
CERV. ITAIPAVA PREMIUM GARRAFA 355ML;R$ 5,50;COTAM DISTRITO;AV. BURITI, NRO 1569, DISTRITO, MANAUS-AM, CEP 69075-000
CERV ITAIPAVA 0,0 ALCOOL LN 355ML;R$ 5,50;ITA LUCAS LTDA;COSME FERREIRA, NRO 357, ALEIXO, MANAUS-AM, CEP 69083-000
CERVEJA ITAIPAVA PREMIUM LN 355ML;R$ 5,50;BAR ITAIPAVA;AV. MAX TEIXEIRA, NRO 662, FLORES, LOJA A, MANAUS-AM, CEP 69093-770
CERVEJA ITAIPAVA PILSEN 600ML CX24;R$ 6,00;MERCADINHO CKRI;TRV LAVRAS, NRO 6, CIDADE NOVA, QUADRA 12 CJ CANARANA, MANAUS-AM, CEP 69097-160
CERV ITAIPAVA GO DRAFT 355ML;R$ 6,00;POSTO SAO FRANCISCO;AV AUTAZ MIRIM, NRO 1000, JORGE TEIXEIRA, MANAUS-AM, CEP 69085-000
CERV ITAIPAVA 473 ML;R$ 6,00;POSTO PARQUE DEZ;AV MANECA MARQUES, NRO 1902, PQ DEZ DE NOVEMBRO, CJ CASTELO BRANCO, MANAUS-AM, CEP 69055-021
CERV ITAIPAVA LT 473ML;R$ 6,00;AUTO POSTO RIACHAO;AV. MARGARITA, NRO 1147, CJ HAB NOVA CIDADE, MANAUS-AM, CEP 69094-770
CERV ITAIPAVA PREMIUM LONG NEC;R$ 6,00;NOSSO POSTO;AV MARQUES DE VILA REAL DA PRAIA GRANDE, NRO SN, FLORES, 1 QUADRA 3 LOTE 1, MANAUS-AM, CEP 69058-100
CERVEJA ITAIPAVA 269 ML;R$ 6,00;COBRA'S MOTEL;AVENIDA DJALMA BATISTA, NRO 4500, CHAPADA, MANAUS-AM, CEP 69050-010
CERV ITAIPAVA PILSEN L/N 355ML;R$ 6,00;ILHA GELADA MAX;AV MAX TEIXEIRA, NRO 999, COL SANTO ANTON, MANAUS-AM, CEP 69093-770
CERV ITAIPAVA PREMIUM LN 355ML;R$ 6,00;AUTO POSTO RIACHAO;AV. MARGARITA, NRO 1147, CJ HAB NOVA CIDADE, MANAUS-AM, CEP 69094-770
CERV ITAIPAVA PILSEN LN 355ML;R$ 6,00;AUTO POSTO RIACHAO;AV. MARGARITA, NRO 1147, CJ HAB NOVA CIDADE, MANAUS-AM, CEP 69094-770
CERV ITAIPAVA MALZBIER ESC 355;R$ 6,00;POSTO TURISMO II;AV DO TURISMO, NRO 109, PONTA NEGRA, MANAUS-AM, CEP 69037-005
CERV ITAIPAVA GO DRAFT GF 355ML;R$ 6,00;ITA LUCAS LTDA;COSME FERREIRA, NRO 357, ALEIXO, MANAUS-AM, CEP 69083-000
CERV ITAIPAVA PREMIUM LN 355ML;R$ 6,00;POSTO SAO LUCAS;RODRIGO OTAVIO, NRO 20, COROADO, MANAUS-AM, CEP 69080-005
CERVEJA ITAIPAVA PILSEN LONG N;R$ 6,00;POSTO MORADA DO SOL;AV ANDRE ARAUJO, NRO 2893, ALEIXO, MANAUS-AM, CEP 69060-000
CERV ITAIPAVA 0,0 ALCOOL LN 355ML;R$ 6,00;POSTO SAO LUCAS;RODRIGO OTAVIO, NRO 20, COROADO, MANAUS-AM, CEP 69080-005
CERV. ITAIPAVA LATAO 473ML;R$ 6,00;ILHA GELADA SEIXAS;AV TORQUATO TAPAJOS, NRO 018, NOVO ISRAEL, MANAUS-AM, CEP 69000-000
CERVEJA ITAIPAVA PREMIUM LN 35;R$ 6,00;POSTO MORADA DO SOL;AV ANDRE ARAUJO, NRO 2893, ALEIXO, MANAUS-AM, CEP 69060-000
CERV ITAIPAVA GO DRAFT  600ML;R$ 6,45;SUPERMERCADO RESENDE;RUA ALMERON CAMINHA, NRO S/N, PETROPOLIS, MANAUS-AM, CEP 69067-200
CERV ITAIPAVA PREMIUM LN 355ML;R$ 6,50;POSTO SAO FRANCISCO;AV AUTAZ MIRIM, NRO 1000, JORGE TEIXEIRA, MANAUS-AM, CEP 69085-000
CERV ITAIPAVA 355ML LN;R$ 6,50;AUTO POSTO AMAZONAS;AVENIDA PROFESSOR NILTON LINS, NRO 1880, PARQUE DAS LARANJEIRAS, MANAUS-AM, CEP 69058-310
CERV ITAIPAVA LATA 473ML CX12;R$ 6,50;Rio - XVIII;RUA:MARGARIDA,N.04 Q.40-A - CONJ.:NOVA CIDADE, NRO 004, NOVA CIDADE, MANAUS-AM, CEP 69097-305
CERVEJA ITAIPAVA PILSEN 0% ALC;R$ 6,50;POSTO MORADA DO SOL;AV ANDRE ARAUJO, NRO 2893, ALEIXO, MANAUS-AM, CEP 69060-000
CERVEJA ITAIPAVA PREMIUM VD 600ML;R$ 6,60;SM Amazonas;AV. MARGARITA, NRO 001, NOVA CIDADE, QD 238 LOTE 1/3/10/12, MANAUS-AM, CEP 69097-305
ITAIPAVA PREMIUM LONG NECK;R$ 6,90;MATSURI SUSHI BAR;R KUMAMOTO, NRO 14, PARQUE 10 DE NOVEMBRO, JD ORIENTE, QD B, MANAUS-AM, CEP 69054-309
CERV ITAIPAVA LT 473ML;R$ 7,00;POSTO ESCOLA;AV DJALMA BATISTA, NRO 4360, FLORES, MANAUS-AM, CEP 69050-010
CERV ITAIPAVA PILSEN LN 355ML;R$ 7,00;Rio - XVIII;RUA:MARGARIDA,N.04 Q.40-A - CONJ.:NOVA CIDADE, NRO 004, NOVA CIDADE, MANAUS-AM, CEP 69097-305
CERV ITAIPAVA PREMIUM LN 355ML;R$ 7,00;ITA LUCAS LTDA;COSME FERREIRA, NRO 357, ALEIXO, MANAUS-AM, CEP 69083-000
CERV ITAIPAVA PILSEN 473ML;R$ 7,00;VDL ALEIXO;AV COSME E FERREIRA, NRO 6039, ALEIXO, KM 05, MANAUS-AM, CEP 69083-000
CERV ITAIPAVA LN 355ML;R$ 7,00;POSTO ESCOLA;AV DJALMA BATISTA, NRO 4360, FLORES, MANAUS-AM, CEP 69050-010
CERV ITAIPAVA PREMIUM LN 355ML;R$ 7,00;Rio - XVIII;RUA:MARGARIDA,N.04 Q.40-A - CONJ.:NOVA CIDADE, NRO 004, NOVA CIDADE, MANAUS-AM, CEP 69097-305
CERVEJA ITAIPAVA PREMIUM 355ML;R$ 7,00;LOJAS AMPM;VALERIO BOTELHO DE ANDRADE, NRO 284, SAO FRANCISCO, LOJA 02, MANAUS-AM, CEP 69079-260
CERVEJA ITAIPAVA PRE;R$ 7,00;ILHA GELADA TIMBIRAS;AV. TIMBIRAS, NRO 92, CIDADE NOVA II, LOJA C, MANAUS-AM, CEP 69094-000
CERVEJA ITAIPAVA GO DRAFT LN 355ML;R$ 7,00;BAR ITAIPAVA;AV. MAX TEIXEIRA, NRO 662, FLORES, LOJA A, MANAUS-AM, CEP 69093-770
CERVEJA ITAIPAVA 1LT;R$ 7,50;ADAO TOMAZ JUNIOR ME;RUA FORMOSA, NRO 061, PARQ DAS NACOES, MANAUS-AM, CEP 69028-120
CERV ITAIPAVA GO DRAFT GF 355ML;R$ 7,50;AUTO POSTO BRASIL;AVGOVERNADORJOSELINDOSO, NRO 2560, PARQUEDEZDENOVEMBRO, MANAUS-AM, CEP 69054-285
CERV ITAIPAVA GO DRA;R$ 7,75;CASA DE CARNE OTAVIO;RUA PADRE JOAO RIBEIRO, NRO 110, CANARANAS, MANAUS-AM, CEP 69097-000
CERV ITAIPAVA PREMIUM LN 355ML;R$ 7,80;AUTO POSTO BRASIL;AVGOVERNADORJOSELINDOSO, NRO 2560, PARQUEDEZDENOVEMBRO, MANAUS-AM, CEP 69054-285
CERVEJA ITAIPAVA PILSEN 600ML;R$ 7,99;BAR ITAIPAVA;AV. MAX TEIXEIRA, NRO 662, FLORES, LOJA A, MANAUS-AM, CEP 69093-770
CERV. ITAIPAVA PREMIUM 355ML;R$ 8,00;EXPRESSO;AV. MARIO YPIRANGA, NRO 3360, PARQUE 10, MANAUS-AM, CEP 69057-002
CERV. ITAIPAVA PILSEN 355ML;R$ 8,00;EXPRESSO;AV. MARIO YPIRANGA, NRO 3360, PARQUE 10, MANAUS-AM, CEP 69057-002
CERVEJA ITAIPAVA;R$ 8,00;Sushi Cidade Nova;AV MAX TEXEIRA, NRO 4000, CIDADE NOVA, EM FRENTE AO POSTO ATEM, MANAUS-AM, CEP 69090-002
ITAIPAVA PILSEN  600ML;R$ 8,00;PEIXARIA TERRA BRASIL;RUA ITAQUERAIMA, NRO 325, NOVO ALEIXO, MANAUS-AM, CEP 69098-305
CERV. ITAIPAVA GO DRAFT;R$ 8,00;EXPRESSO;AV. MARIO YPIRANGA, NRO 3360, PARQUE 10, MANAUS-AM, CEP 69057-002
CERV ITAIPAVA GO DRAFT 355ML;R$ 8,50;POSTO JAPIIM;AV. RODRIGO OTAVIO, NRO 4229, JAPIIM, MANAUS-AM, CEP 69077-000
ITAIPAVA 600ML;R$ 8,91;Crepes E Crepes;RUA MATO GROSSO, NRO 10, FLORES, SALA 01, MANAUS-AM, CEP 69058-460
CERVEJA ITAIPAVA PILSEN 1LT GF VD (COMPLETA);R$ 8,99;SUPERMERCADO RESENDE;RUA ALMERON CAMINHA, NRO S/N, PETROPOLIS, MANAUS-AM, CEP 69067-200
ITAIPAVA 600ML;R$ 9,00;ECOS BAR;RUA COMERCIAL, NRO 16, PARQUE 10, MANAUS-AM, CEP 69054-390
CERV ITAIPAVA 1LT;R$ 9,00;VDL RAQUEL;RUA DONA RAQUEL DE SOUZA, NRO 039, PETROPOLIS, MANAUS-AM, CEP 69063-590
ITAIPAVA 600ML;R$ 9,00;MORADA DO SOL PIZZA;AV EFIGENIO SALES, NRO 3050, ALEIXO, MANAUS-AM, CEP 69060-000
ITAIPAVA 600ML;R$ 9,00;Carit√≥ Bar e Petiscaria;AV EPHIGENIO SALLES, NRO 2300, ALEIXO, MANAUS-AM, CEP 69060-020
CERV ITAIPAVA 600ML;R$ 9,00;AUTO POSTO AMAZONAS;AVENIDA PROFESSOR NILTON LINS, NRO 1880, PARQUE DAS LARANJEIRAS, MANAUS-AM, CEP 69058-310
CERV ITAIPAVA PREMIUM LAGER 60;R$ 9,90;VDL ALEIXO;AV COSME E FERREIRA, NRO 6039, ALEIXO, KM 05, MANAUS-AM, CEP 69083-000
CERV ITAIPAVA 269 C/3;R$ 10,00;POSTO ESCOLA;AV DJALMA BATISTA, NRO 4360, FLORES, MANAUS-AM, CEP 69050-010
CERVEJA ITAIPAVA 600ML;R$ 10,00;Japa food;AV COSME FERREIRA, NRO 4605, SAO JOSE, LOJA 45 A, MANAUS-AM, CEP 69085-015
CERV. ITAIPAVA 1 L;R$ 10,00;ILHA GELADA SEIXAS;AV TORQUATO TAPAJOS, NRO 018, NOVO ISRAEL, MANAUS-AM, CEP 69000-000
ITAIPAVA 600ML;R$ 10,00;REST. BOM PRATO;MAX TEIXEIRA, NRO 2555, COLONIA SANTO ANTONIO, MANAUS-AM, CEP 69093-770
ITAIPAVA PREMIUM 600;R$ 10,90;M.MANAUARA.AM;AV. MARIO YPIRANGA, NRO 1300, ADRIANOPOLIS, MANAUS-AM, CEP 69057-002
ITAIPAVA 600;R$ 10,90;Tambagrill;AV EFIGENIO SALES, NRO 2600, ALEIXO, MANAUS-AM, CEP 69060-020
CERVEJA ITAIPAVA 600ML;R$ 10,90;CIDADEOKE;AVENIDA TORQUATO TAPAJOS, NRO 2017, DA PAZ, MANAUS-AM, CEP 69048-010
ITAIPAVA PREMIUM 600;R$ 11,00;M153 MANAUS;AV MARIO YPIRANGA, NRO 1300, ADRIANOPOLIS, LOJA62-AMANAUARA SHOPP, MANAUS-AM, CEP 69057-002
CERVEJA ITAIPAVA PREMIUM 600ML;R$ 11,99;BAR ITAIPAVA;AV. MAX TEIXEIRA, NRO 662, FLORES, LOJA A, MANAUS-AM, CEP 69093-770
CERV ITAIPAVA PILSEN 1 LT;R$ 12,00;ILHA GELADA MAX;AV MAX TEIXEIRA, NRO 999, COL SANTO ANTON, MANAUS-AM, CEP 69093-770
CERVEJA ITAIPAVA PILSEN 1 LT;R$ 12,00;BAR ITAIPAVA;AV. MAX TEIXEIRA, NRO 662, FLORES, LOJA A, MANAUS-AM, CEP 69093-770
CERVEJA ITAIPAVA GO DRAFT 600ML;R$ 12,00;BAR ITAIPAVA;AV. MAX TEIXEIRA, NRO 662, FLORES, LOJA A, MANAUS-AM, CEP 69093-770
CERVEJA ITAIPAVA PREMIUM (600ML);R$ 13,00;AMAZONICO PEIXARIA REGIONAL;AV. DARCY VARGAS, NRO 226, PARQUE DEZ DE NOVEMBRO, MANAUS-AM, CEP 69050-000
TORRESMO ITAIPAVA;R$ 19,90;BAR ITAIPAVA;AV. MAX TEIXEIRA, NRO 662, FLORES, LOJA A, MANAUS-AM, CEP 69093-770
CERVEJA ITAIPAVA 600ML;R$ 20,00;L S DA S TAVARES;RUA DOS JAPONESES, NRO 00307, PARQUE 10, MANAUS-AM, CEP 69054-650
CERVEJA ITAIPAVA PILSEN 269ML;R$ 21,12;Loja 122 - Manaus;AV AUTAZ MIRIM, NRO 8755, NOVO ALEIXO, MANAUS-AM, CEP 69099-045
ITAIPAVA 269ML [DIVERSOS];R$ 21,50;DISTRIBUIDORA KAROLINE;AV BRIG. HILARIO GURJAO, NRO 460, JORGE TEIXEIRA, MANAUS-AM, CEP 69088-000
ITAIPAVA 269ML [DIVERSOS];R$ 21,50;DIST FORMIGUETE 3 IRMAOS;AV BRIGADEIRO HILARIO GURJAO FONE-33470057, NRO 068, JORGE TEIXEIRA, MANAUS-AM, CEP 69088-000
CERVEJA ITAIPAVA LATA  12X269ML;R$ 21,50;DISTRIBUIDORA DN;AV BRIGADEIRO HILARIO GURJAO, NRO 275, JORGE TEIXEIRA, MANAUS-AM, CEP 69087-295
ITAIPAVA 12X269ML [DIVERSOS];R$ 21,80;BOMBONIERE MONACO;AV BRIGADEIRO HILARIO GURJAO, NRO 024, JOREGE TEIXEIRA, MANAUS-AM, CEP 69088-000
CERVEJA ITAIPAVA LATA  12X269ML;R$ 22,00;DISTRIBUIDORA MT;AV. BRIGADEIRO HILARIO GURJAO, NRO 251, JORGE TEXEIRA, MANAUS-AM, CEP 69088-000
ITAIPAVA LATA 269ML;R$ 22,40;DISTRIBUIDORA RIO NEGROFILIALMANAUS;AVE ITAUBA, NRO 344, JORGE TEIXEIRA, MANAUS-AM, CEP 69088-240
CERV ITAIPAVA LT 12X269ML;R$ 22,68;36 - MANAUS;AV. GEN. RODRIGO OTAVIO 900, NRO 1, BAIRRO JAPIIM, MANAUS-AM, CEP 69077-000
CX CERVEJA ITAIPAVA;R$ 23,75;COMERCIAL ALEX;RUA DOUTOR ARGEMIRO GERMANO, NRO 032, CIDADE NOVA, MANAUS-AM, CEP 69090-742
ITAIPAVA 12UN;R$ 23,75;COMERCIAL ALEX;RUA DOUTOR ARGEMIRO GERMANO, NRO 032, CIDADE NOVA, MANAUS-AM, CEP 69090-742
CERV ITAIPAVA PILSEN;R$ 23,88;SUPERATACADAO NOVA ERA LTDA - ZONA LESTE;AV. AUTAZ MIRIM, NRO 9058, JORGE TEIXEIRA, MANAUS-AM, CEP 69088-245
CERV ITAIPAVA 269M CX1;R$ 23,88;Loja 122 - Manaus;AV AUTAZ MIRIM, NRO 8755, NOVO ALEIXO, MANAUS-AM, CEP 69099-045
ATC. CERVEJA ITAIPAVA 12X269ML;R$ 24,15;SM Amazonas;AV. MARGARITA, NRO 001, NOVA CIDADE, QD 238 LOTE 1/3/10/12, MANAUS-AM, CEP 69097-305
CERVEJA ITAIPAVA 12 UNID;R$ 24,75;M A LAURENTINO BARRETO - ME;AVE PRAIA DO FUTURO LT 5 QD 17 - RES RIO SOLIMOES, NRO 005, TARUMA, MANAUS-AM, CEP 69041-400
CERV ITAIPAVA PILSEN 269ML LTA CX C/12 UNIDADES;R$ 24,99;SUPERMERCADO RESENDE;RUA ALMERON CAMINHA, NRO S/N, PETROPOLIS, MANAUS-AM, CEP 69067-200
CERVEJA ITAIPAVA 269;R$ 24,99;CASA DE CARNE;AV. COSME FERREIRA, NRO 6110, ZUMBI DOS PALMARES, MANAUS-AM, CEP 69084-425
LATA ITAIPAVA 269 GELADA;R$ 25,00;COMERCIAL BARROSO LEITE;RUA SANTA ANA, NRO 050, TERRA NOVA II, MANAUS-AM, CEP 69093-497
ITAIPAVA CAIXA C/12;R$ 25,00;GLORINETE DE JESUS PINEIRO - M;R CARAPIA, NRO 001, GILBERTO MESTRINHO, MANAUS-AM, CEP 69086-556
CERVEJA ITAIPAVA PILSEN 269ML CX C/12UN;R$ 25,00;MERCANTIL & ACOGUE BOM PRECO;AV SANTA MARIA DA PAZ, NRO 637, CIDADE DE DEUS, MANAUS-AM, CEP 69099-644
CERV ITAIPAVA 350ML CX;R$ 25,08;Loja 122 - Manaus;AV AUTAZ MIRIM, NRO 8755, NOVO ALEIXO, MANAUS-AM, CEP 69099-045
ITAIPAVA 269ML C/12;R$ 25,99;CASA DE CARNE OTAVIO;RUA PADRE JOAO RIBEIRO, NRO 110, CANARANAS, MANAUS-AM, CEP 69097-000
ITAIPAVA 269ML;R$ 26,00;MERCADINHO CRUZ;AV. COSME FERREIRA, NRO 6094, ZUMBI 1, MANAUS-AM, CEP 69083-000
CERVEJA ITAIPAVA CX C/12 269 ML;R$ 26,00;MERCADINHO FORTALEZA;CAMPOS DO JORDAO, NRO 004, JARDIM PETROPOLIS, MANAUS-AM, CEP 69067-250
CERVEJA ITAIPAVA CAIXA.;R$ 26,00;MERCADINHO CLEBER;RUA PROF. MANOEL BELEM, NRO 043, CIDADE NOVA, CONJ. MANOA, MANAUS-AM, CEP 69090-767
CERVEJA ITAIPAVA CX C/12 UN;R$ 26,00;MERCADINHO PEREIRA;RUA ITAETE, NRO 138, AMAZONINO MENDES, MANAUS-AM, CEP 69099-230
CERVEJA ITAIPAVA PILSEN 269 ML LATA CX 12 UN;R$ 26,28;SUPERMERCADO VENEZA;AV TANCREDO NEVES, NRO 915, PARQUE 10, MANAUS-AM, CEP 69054-700
CERVEJA ITAIPAVA CAIXA 269;R$ 26,90;Frigorifico Amazonas;RUA VASCO VASQUES, 1336, NRO 1336, PARQUE 10 DE NOVEMBRO, MANAUS-AM, CEP 69093-000
LONG NECK ITAIPAVA 2;R$ 26,99;SUPER JB;AVE BARAO DO RIO BRANCO, NRO 015, FLORES, MANAUS-AM, CEP 69058-581
ITAIPAVA C/12 269ML;R$ 26,99;CASA DE CARNE OTAVIO;RUA PADRE JOAO RIBEIRO, NRO 110, CANARANAS, MANAUS-AM, CEP 69097-000
CERVEJA ITAIPAVA 12U;R$ 26,99;J C DA S COSTA COMERCIO;RUA 11, NRO 035, SAO JOSE 1, MANAUS-AM, CEP 69086-120
ITAIPAVA 269ML 7897395040437;R$ 27,00;MERCADINHO FORTALEZA;R NOVA OLINDA, NRO 002, JAPIIM, MANAUS-AM, CEP 69078-090
CERVEJA ITAIPAVA PILSEN 269ML CX C/12UN;R$ 27,00;PEDRO NAGAWO DE SOBRAL ME;TRAV. ARHUR AZEVEDO, 16QD 7 LT 16, NRO 16, CIDADE NOVA, MANAUS-AM, CEP 69098-000
CERVEJA ITAIPAVA 269ML C/12;R$ 27,00;MERCADINHO 2 IRMAOS;RUA TERRA NOVA, CASA 1, NRO 415, SAO JOSE OPERARIO, MANAUS-AM, CEP 69085-080
CX CERVEJA ITAIPAVA 12UND [DIVERSOS];R$ 27,00;MERCADINHO CASA BRANCA;RUA GUAIACO, NRO 175, JORGE TEIXEIRA, MANAUS-AM, CEP 69088-133
CERVEJA ITAIPAVA L NEC 250ML [DIVERSOS];R$ 27,50;MERCADINHO AMAZONIA;RUA OURO PRETO, NRO 012, COROADO, MANAUS-AM, CEP 69080-430
CERVEJA ITAIPAVA 269 A VISTA 10;R$ 27,50;MERCANTIL AM;RUA RIO AJARANI, NRO 001, ARMANDO MENDES, QD 25, MANAUS-AM, CEP 69089-120
ITAIPAVA CX C/ 12;R$ 27,99;SUPER JB;AVE BARAO DO RIO BRANCO, NRO 015, FLORES, MANAUS-AM, CEP 69058-581
CERVEJA ITAIPAVA LT CAIXA C/12;R$ 27,99;CASA DE CARNE OTAVIO;RUA SAO EUSEBIO, NRO 219, TERRA NOVA, MANAUS-AM, CEP 69093-820
CERVEJA ITAIPAVA CX;R$ 27,99;ADAO TOMAZ JUNIOR ME;RUA FORMOSA, NRO 061, PARQ DAS NACOES, MANAUS-AM, CEP 69028-120
CERVEJA ITAIPAVA 269ML CREDITO 25;R$ 28,50;MERCANTIL AM;RUA RIO AJARANI, NRO 001, ARMANDO MENDES, QD 25, MANAUS-AM, CEP 69089-120
CERVEJA ITAIPAVA C/12UND NATURAL;R$ 28,75;QUEIROZ COMERCIAL;RUA RIO CABORIS, NRO 35, CIDADE NOVA, MANAUS-AM, CEP 69098-272
CERV ITAIPAVA 250ML AM;R$ 29,88;Loja 122 - Manaus;AV AUTAZ MIRIM, NRO 8755, NOVO ALEIXO, MANAUS-AM, CEP 69099-045
CERVEJA ITAIPAVA CX C/12 [DIVERSOS];R$ 30,00;MERCADINHO S & VIEIRA;RUA RAYOL DOS SANTOS, NRO 047, CIDADE NOVA, MANAUS-AM, CEP 69089-210
ITAIPAVA LATA 269ML;R$ 30,00;MINERVAL PEREIRA DE ABREU;RUA AMERICO VESPUCIO, NRO 058, FLORES, MANAUS-AM, CEP 69028-129
CERV CX CERVEJA ITAIPAVA 269ML 12 UND;R$ 30,00;ILHA GELADA SEIXAS;AV TORQUATO TAPAJOS, NRO 018, NOVO ISRAEL, MANAUS-AM, CEP 69000-000
CERVEJA ITAIPAVA C/12 269ML;R$ 31,20;MERCADINHO JAPONES;RUA MANOEL MARQUES DE SOUZA, NRO 242, PARQUE DEZ, MANAUS-AM, CEP 69055-240
PCTE ITAIPAVA PILSEN LT 269 ML;R$ 32,00;VDL RECIFE;AV RECIFE, NRO 200, FLORES, MANAUS-AM, CEP 69050-030
ITAIPAVA CX 269ML;R$ 32,00;VAREJAO OSSAMI LARANJEIRAS;AVENIDA PROF NILTON LINS, NRO 195, FLORES, MANAUS-AM, CEP 69058-030
CERVEJA ITAIPAVA LT  350ML   CX C/12;R$ 34,90;MERCANTIL 3 IRMAOS;RUA GABRIEL GONCALVES, NRO 50, ALEIXO, MANAUS-AM, CEP 69060-010
BUFFET BAR ITAIPAVA;R$ 35,00;BAR ITAIPAVA;AV. MAX TEIXEIRA, NRO 662, FLORES, LOJA A, MANAUS-AM, CEP 69093-770
CERVEJA ITAIPAVA PILSEN 350ML EM CX COM 12UND;R$ 35,00;VITALLI ATACADO;AV. TORQUATO TAPAJOS, NRO 053, FLORES, MANAUS-AM, CEP 69050-830
CERV ITAIPAVA 269ML PAK 12 UND;R$ 36,00;NOSSO POSTO;AV MARQUES DE VILA REAL DA PRAIA GRANDE, NRO SN, FLORES, 1 QUADRA 3 LOTE 1, MANAUS-AM, CEP 69058-100
CERV ITAIPAVA 269ML C/12;R$ 39,99;POSTO ESCOLA;AV DJALMA BATISTA, NRO 4360, FLORES, MANAUS-AM, CEP 69050-010
CERV ITAIPAVA 350ML CX12;R$ 42,00;NOSSO POSTO;AV MARQUES DE VILA REAL DA PRAIA GRANDE, NRO SN, FLORES, 1 QUADRA 3 LOTE 1, MANAUS-AM, CEP 69058-100
BOLSA TERMICA ITAIPAVA;R$ 42,00;BAR ITAIPAVA;AV. MAX TEIXEIRA, NRO 662, FLORES, LOJA A, MANAUS-AM, CEP 69093-770
CAIXA TERMICA ITAIPAVA 20L;R$ 250,00;BAR ITAIPAVA;AV. MAX TEIXEIRA, NRO 662, FLORES, LOJA A, MANAUS-AM, CEP 69093-770
